original_output_file,detection,avg_titi_max_score,avg_howler_max_score,confusion_matrix_number
HARPIA_20130223_054500.wav,none,2.7920000000000003,-1.915,0
HARPIA_20130223_060000.wav,none,2.052,3.135,0
HARPIA_20130223_061500.wav,none,0.5559999999999999,4.735,0
HARPIA_20130223_063000.wav,none,0.8870000000000001,2.255,0
HARPIA_20130223_064500.wav,none,1.6300000000000001,2.6,0
HARPIA_20130223_070000.wav,none,1.1560000000000001,0.28500000000000003,0
HARPIA_20130223_071500.wav,none,1.3279999999999998,0.515,0
HARPIA_20130223_073000.wav,none,1.101,0.035,0
HARPIA_20130223_074500.wav,none,1.15,0.24999999999999997,0
HARPIA_20130223_080000.wav,none,1.287,0.41,0
HARPIA_20130224_054500.wav,none,1.1529999999999998,-0.05499999999999999,0
HARPIA_20130224_060000.wav,none,1.035,-0.21999999999999997,0
HARPIA_20130224_061500.wav,none,1.0799999999999998,-0.21,0
HARPIA_20130224_063000.wav,none,1.026,-0.115,0
HARPIA_20130224_064500.wav,none,1.1179999999999999,-0.045,0
HARPIA_20130224_070000.wav,none,1.016,0.61,0
HARPIA_20130224_071500.wav,none,1.0450000000000002,0.245,0
HARPIA_20130224_073000.wav,none,1.048,1.0950000000000002,0
HARPIA_20130224_074500.wav,none,0.9029999999999999,1.6099999999999999,0
HARPIA_20130224_080000.wav,none,2.2359999999999998,0.935,0
HARPIA_20130225_054500.wav,none,1.353,3.04,0
HARPIA_20130225_060000.wav,none,1.539,7.199999999999999,0
HARPIA_20130225_061500.wav,none,-0.22200000000000003,6.5649999999999995,0
HARPIA_20130225_063000.wav,none,1.0039999999999998,1.355,0
HARPIA_20130225_064500.wav,none,1.2610000000000001,2.52,0
HARPIA_20130225_070000.wav,none,2.5460000000000003,2.52,0
HARPIA_20130225_071500.wav,none,0.9610000000000001,3.045,0
HARPIA_20130225_073000.wav,none,2.618,3.19,0
HARPIA_20130225_074500.wav,none,1.544,3.225,0
HARPIA_20130225_080000.wav,none,3.528,3.04,0
HARPIA_20130226_054500.wav,none,1.4289999999999998,0.875,0
HARPIA_20130226_060000.wav,none,0.873,2.29,0
HARPIA_20130226_061500.wav,none,0.899,1.89,0
HARPIA_20130226_063000.wav,none,1.6460000000000001,2.165,0
HARPIA_20130226_064500.wav,none,1.966,1.675,0
HARPIA_20130226_070000.wav,none,1.5699999999999998,1.225,0
HARPIA_20130226_071500.wav,none,1.204,2.3600000000000003,0
HARPIA_20130226_073000.wav,none,1.0150000000000001,-0.155,0
HARPIA_20130226_074500.wav,none,1.0270000000000001,-0.19999999999999998,0
HARPIA_20130226_080000.wav,none,1.1889999999999998,0.625,0
HARPIA_20130227_054500.wav,none,1.284,0.27,0
HARPIA_20130227_060000.wav,none,2.1789999999999994,1.335,0
HARPIA_20130227_061500.wav,none,0.40499999999999997,2.4050000000000002,0
HARPIA_20130227_063000.wav,none,1.5779999999999998,2.1399999999999997,0
HARPIA_20130227_064500.wav,none,1.057,2.05,0
HARPIA_20130227_070000.wav,none,0.849,0.28500000000000003,0
HARPIA_20130227_071500.wav,none,0.8220000000000001,0.115,0
HARPIA_20130227_073000.wav,none,1.9540000000000002,0.085,0
HARPIA_20130227_074500.wav,none,0.8879999999999999,0.49,0
HARPIA_20130227_080000.wav,none,1.168,0.87,0
HARPIA_20130215_054500.wav,none,0.075,4.295,0
HARPIA_20130215_060000.wav,none,1.0470000000000002,6.24,0
HARPIA_20130215_061500.wav,none,2.647,5.885,0
HARPIA_20130215_063000.wav,none,0.8,3.91,0
HARPIA_20130215_064500.wav,none,0.611,5.135,0
HARPIA_20130215_070000.wav,none,1.125,4.075,0
HARPIA_20130215_071500.wav,none,1.095,0.22,0
HARPIA_20130215_073000.wav,none,1.057,2.41,0
HARPIA_20130215_074500.wav,none,1.246,0.7250000000000001,0
HARPIA_20130215_080000.wav,none,1.8130000000000002,3.4350000000000005,0
HARPIA_20130216_054500.wav,none,0.8220000000000001,0.935,0
HARPIA_20130216_060000.wav,titi -- no howler,5.6240000000000006,2.1950000000000003,1
HARPIA_20130216_061500.wav,none,0.5820000000000001,1.77,0
HARPIA_20130216_063000.wav,none,0.687,2.4050000000000002,0
HARPIA_20130216_064500.wav,none,1.3499999999999999,1.44,0
HARPIA_20130216_070000.wav,none,1.0770000000000002,0.024999999999999994,0
HARPIA_20130216_071500.wav,none,1.08,0.0050000000000000044,0
HARPIA_20130216_073000.wav,none,1.07,-0.03,0
HARPIA_20130216_074500.wav,none,0.9880000000000001,0.295,0
HARPIA_20130216_080000.wav,none,1.022,0.065,0
HARPIA_20130217_054500.wav,none,0.6619999999999999,1.8849999999999998,0
HARPIA_20130217_060000.wav,none,0.532,2.33,0
HARPIA_20130217_061500.wav,none,0.5450000000000002,2.7300000000000004,0
HARPIA_20130217_063000.wav,none,0.724,2.785,0
HARPIA_20130217_064500.wav,none,0.678,2.71,0
HARPIA_20130217_070000.wav,none,2.9139999999999997,3.09,0
HARPIA_20130217_071500.wav,none,1.1309999999999998,1.945,0
HARPIA_20130217_073000.wav,none,0.8099999999999999,1.605,0
HARPIA_20130217_074500.wav,none,0.8809999999999999,1.805,0
HARPIA_20130217_080000.wav,none,1.8829999999999998,2.5949999999999998,0
HARPIA_20130218_054500.wav,none,1.0550000000000002,0,0
HARPIA_20130218_060000.wav,none,0.978,0.165,0
HARPIA_20130218_061500.wav,none,0.9680000000000002,0.31,0
HARPIA_20130218_063000.wav,none,0.9560000000000002,0.38,0
HARPIA_20130218_064500.wav,none,1.8310000000000002,-0.044999999999999984,0
HARPIA_20130218_070000.wav,none,2.567,0.29,0
HARPIA_20130218_071500.wav,none,1.234,0.37,0
HARPIA_20130218_073000.wav,none,1.567,0.47000000000000003,0
HARPIA_20130218_074500.wav,none,1.5919999999999999,0.81,0
HARPIA_20130218_080000.wav,none,1.022,1.225,0
HARPIA_20130219_054500.wav,none,1.4779999999999998,1.5499999999999998,0
HARPIA_20130219_060000.wav,titi -- no howler,4.866999999999999,1.825,1
HARPIA_20130219_061500.wav,none,0.563,2.0549999999999997,0
HARPIA_20130219_063000.wav,none,0.6789999999999999,1.7149999999999999,0
HARPIA_20130219_064500.wav,none,0.792,2.085,0
HARPIA_20130219_070000.wav,none,0.8029999999999999,1.3,0
HARPIA_20130219_071500.wav,none,1.121,1.3050000000000002,0
HARPIA_20130219_073000.wav,none,1.0290000000000001,0.10500000000000001,0
HARPIA_20130219_074500.wav,none,1.0219999999999998,0.125,0
HARPIA_20130219_080000.wav,none,0.9969999999999999,0.12,0
HARPIA_20130220_054500.wav,none,1.0859999999999999,0.08499999999999999,0
HARPIA_20130220_060000.wav,none,0.9920000000000002,0.125,0
HARPIA_20130220_061500.wav,none,1.0050000000000001,0.145,0
HARPIA_20130220_063000.wav,none,1.046,0.15500000000000003,0
HARPIA_20130220_064500.wav,none,0.977,0.06999999999999999,0
HARPIA_20130220_070000.wav,none,1.078,0.22999999999999998,0
HARPIA_20130220_071500.wav,none,1.091,0.255,0
HARPIA_20130220_073000.wav,none,1.016,0.19999999999999998,0
HARPIA_20130220_074500.wav,none,0.994,0.185,0
HARPIA_20130220_080000.wav,none,1.0559999999999998,0.305,0
HARPIA_20130221_054500.wav,none,1.014,0.155,0
HARPIA_20130221_060000.wav,none,1.723,0.445,0
HARPIA_20130221_061500.wav,none,0.9349999999999999,0.755,0
HARPIA_20130221_063000.wav,none,1.006,0.3,0
HARPIA_20130221_064500.wav,none,1.0210000000000001,0.165,0
HARPIA_20130221_070000.wav,none,1.052,-0.045,0
HARPIA_20130221_071500.wav,none,1.033,0.09,0
HARPIA_20130221_073000.wav,none,1.654,0.52,0
HARPIA_20130221_074500.wav,none,1.045,1.115,0
HARPIA_20130221_080000.wav,none,1.3900000000000001,0.335,0
HARPIA_20130222_054500.wav,titi -- no howler,4.441,1.0750000000000002,1
HARPIA_20130222_060000.wav,none,1.6649999999999998,0.9550000000000001,0
HARPIA_20130222_061500.wav,none,0.6519999999999999,1.2349999999999999,0
HARPIA_20130222_063000.wav,none,0.859,1.395,0
HARPIA_20130222_064500.wav,none,1.53,0.81,0
HARPIA_20130222_070000.wav,none,1.2520000000000002,0.885,0
HARPIA_20130222_071500.wav,none,1.296,0.875,0
HARPIA_20130222_073000.wav,none,1.483,3.63,0
HARPIA_20130222_074500.wav,none,1.761,0.935,0
HARPIA_20130222_080000.wav,none,2.929,1.4649999999999999,0
HARPIA_20130213_054500.wav,none,0.9369999999999999,2.695,0
HARPIA_20130213_060000.wav,none,0.607,5.7,0
HARPIA_20130213_061500.wav,none,0.308,4.025,0
HARPIA_20130213_063000.wav,none,0.8310000000000001,3.35,0
HARPIA_20130213_064500.wav,none,0.6399999999999999,3.3600000000000003,0
HARPIA_20130213_070000.wav,none,0.7790000000000001,2.8600000000000003,0
HARPIA_20130213_071500.wav,none,0.6989999999999998,3.14,0
HARPIA_20130213_073000.wav,none,0.65,2.575,0
HARPIA_20130213_074500.wav,none,0.807,2.18,0
HARPIA_20130213_080000.wav,none,0.48,2.815,0
HARPIA_20130214_054500.wav,none,0.9600000000000002,4.84,0
HARPIA_20130214_060000.wav,none,0.5650000000000001,5.050000000000001,0
HARPIA_20130214_061500.wav,none,-0.5199999999999999,4.5,0
HARPIA_20130214_063000.wav,none,0.045999999999999985,3.42,0
HARPIA_20130214_064500.wav,none,-0.019000000000000006,4.1899999999999995,0
HARPIA_20130214_070000.wav,none,0.29,3.715,0
HARPIA_20130214_071500.wav,none,0.4600000000000001,3.13,0
HARPIA_20130214_073000.wav,none,0.339,3.635,0
HARPIA_20130214_074500.wav,none,0.25,2.9299999999999997,0
HARPIA_20130214_080000.wav,none,1.0410000000000001,3.8100000000000005,0
HARPIA_20130210_054500.wav,none,0.7849999999999999,3.2750000000000004,0
HARPIA_20130210_060000.wav,none,-0.43000000000000005,4.545,0
HARPIA_20130210_061500.wav,none,-1.002,7.285,0
HARPIA_20130210_063000.wav,none,-1.775,5.125,0
HARPIA_20130210_064500.wav,none,2.123,4.685,0
HARPIA_20130210_070000.wav,none,0.020999999999999984,3.13,0
HARPIA_20130210_071500.wav,none,1.1179999999999999,3.145,0
HARPIA_20130210_073000.wav,titi -- no howler,4.13,3.005,1
HARPIA_20130210_074500.wav,none,2.0620000000000003,2.755,0
HARPIA_20130210_080000.wav,none,-0.025000000000000012,3.15,0
HARPIA_20130208_054500.wav,none,0.48,8.095,0
HARPIA_20130208_060000.wav,none,-0.24800000000000005,6.42,0
HARPIA_20130208_061500.wav,none,0.11499999999999999,5.734999999999999,0
HARPIA_20130208_063000.wav,none,1.5879999999999999,3.79,0
HARPIA_20130208_064500.wav,none,2.305,3.8899999999999997,0
HARPIA_20130208_070000.wav,none,1.97,3.535,0
HARPIA_20130208_071500.wav,none,3.1390000000000002,3.64,0
HARPIA_20130208_073000.wav,none,1.578,4.555,0
HARPIA_20130208_074500.wav,none,1.529,4.22,0
HARPIA_20130208_080000.wav,none,2.5769999999999995,3.29,0
HARPIA_20130209_054500.wav,none,-0.056999999999999995,5.96,0
HARPIA_20130209_060000.wav,none,0.07500000000000001,4.97,0
HARPIA_20130209_061500.wav,none,0.037000000000000005,1.32,0
HARPIA_20130209_063000.wav,none,-0.002000000000000003,1.275,0
HARPIA_20130209_064500.wav,none,-0.11499999999999995,1.665,0
HARPIA_20130209_070000.wav,none,-0.095,1.5899999999999999,0
HARPIA_20130209_071500.wav,none,0.01399999999999999,1.68,0
HARPIA_20130209_073000.wav,none,-0.085,1.385,0
HARPIA_20130209_074500.wav,none,-0.152,1.54,0
HARPIA_20130209_080000.wav,none,-0.12199999999999997,1.7799999999999998,0
HARPIA_20130211_054500.wav,none,0.9260000000000002,2.135,0
HARPIA_20130211_060000.wav,none,0.937,2.87,0
HARPIA_20130211_061500.wav,none,0.8949999999999999,1.135,0
HARPIA_20130211_063000.wav,none,0.9630000000000001,1.725,0
HARPIA_20130211_064500.wav,none,0.9890000000000001,0.765,0
HARPIA_20130211_070000.wav,none,0.9419999999999998,1.25,0
HARPIA_20130211_071500.wav,none,1.1030000000000002,1.125,0
HARPIA_20130211_073000.wav,none,0.883,1.345,0
HARPIA_20130211_074500.wav,none,1.174,1.145,0
HARPIA_20130211_080000.wav,none,1.014,1.7149999999999999,0
HARPIA_20130212_054500.wav,none,0.7529999999999999,3.375,0
HARPIA_20130212_060000.wav,none,-0.010999999999999996,4.015,0
HARPIA_20130212_061500.wav,none,0.43,3.8200000000000003,0
HARPIA_20130212_063000.wav,none,0.368,3.275,0
HARPIA_20130212_064500.wav,none,0.5769999999999998,3.105,0
HARPIA_20130212_070000.wav,none,0.403,4.245,0
HARPIA_20130212_071500.wav,none,0.7140000000000001,4.065,0
HARPIA_20130212_073000.wav,none,2.6700000000000004,3.85,0
HARPIA_20130212_074500.wav,none,0.9949999999999999,2.995,0
HARPIA_20130212_080000.wav,none,2.7220000000000004,3.21,0
HARPIA_20140206_054500.wav,none,1.768,3.2800000000000002,0
HARPIA_20140206_060000.wav,none,0.285,7.195,0
HARPIA_20140206_061500.wav,none,0.394,5.65,0
HARPIA_20140206_063000.wav,none,0.851,6.15,0
HARPIA_20140206_064500.wav,none,1.3530000000000002,6.785,0
HARPIA_20140206_070000.wav,none,1.855,5.25,0
HARPIA_20140206_071500.wav,none,1.9369999999999998,6.65,0
HARPIA_20140206_073000.wav,none,1.4889999999999999,5.46,0
HARPIA_20140206_074500.wav,none,1.6330000000000002,3.995,0
HARPIA_20140206_080000.wav,none,1.7109999999999999,7.08,0
HARPIA_20140207_054500.wav,none,1.825,8.615,0
HARPIA_20140207_060000.wav,none,0.174,9.11,0
HARPIA_20140207_061500.wav,none,0.23700000000000002,7.140000000000001,0
HARPIA_20140207_063000.wav,none,2.332,4.495,0
HARPIA_20140207_064500.wav,none,3.01,5.225,0
HARPIA_20140207_070000.wav,none,1.9599999999999997,4.32,0
HARPIA_20140207_071500.wav,none,1.9680000000000004,8.115,0
HARPIA_20140207_073000.wav,none,1.709,7.52,0
HARPIA_20140207_074500.wav,none,0.897,3.72,0
HARPIA_20140207_080000.wav,none,0.9480000000000001,3.46,0
HARPIA_20140208_054500.wav,none,3.1390000000000002,2.45,0
HARPIA_20140208_060000.wav,none,1.2289999999999999,5.785,0
HARPIA_20140208_061500.wav,none,0.9860000000000001,0.45,0
HARPIA_20140208_063000.wav,none,0.9700000000000001,0.22499999999999998,0
HARPIA_20140208_064500.wav,none,1.099,0.635,0
HARPIA_20140208_070000.wav,none,0.9040000000000001,0.825,0
HARPIA_20140208_071500.wav,none,0.8770000000000001,0.82,0
HARPIA_20140208_073000.wav,none,1.055,1.5299999999999998,0
HARPIA_20140208_074500.wav,none,1.1209999999999998,0.18999999999999997,0
HARPIA_20140208_080000.wav,none,0.908,0.26,0
HARPIA_20140209_054500.wav,none,4.028999999999999,6.375,0
HARPIA_20140209_060000.wav,none,0.34500000000000003,7.725,0
HARPIA_20140209_061500.wav,none,-0.21200000000000002,8.57,0
HARPIA_20140209_063000.wav,none,0.7129999999999999,8.42,0
HARPIA_20140209_064500.wav,none,0.43899999999999995,3.825,0
HARPIA_20140209_070000.wav,none,0.6649999999999999,7.5649999999999995,0
HARPIA_20140209_071500.wav,none,2.2159999999999997,2.92,0
HARPIA_20140209_073000.wav,none,0.7390000000000001,5.27,0
HARPIA_20140209_074500.wav,none,2.123,5.300000000000001,0
HARPIA_20140209_080000.wav,none,3.3810000000000002,4.34,0
HARPIA_20140214_054500.wav,none,2.112,3.365,0
HARPIA_20140214_060000.wav,none,0.3370000000000001,9.305,0
HARPIA_20140214_061500.wav,none,2.39,8.59,0
HARPIA_20140214_063000.wav,none,1.9170000000000003,6.970000000000001,0
HARPIA_20140214_064500.wav,none,0.8759999999999998,4.76,0
HARPIA_20140214_070000.wav,none,0.418,3.98,0
HARPIA_20140214_071500.wav,none,1.9149999999999998,3.105,0
HARPIA_20140214_073000.wav,none,2.546,7.76,0
HARPIA_20140214_074500.wav,none,3.3329999999999997,7.745,0
HARPIA_20140214_080000.wav,none,3.5260000000000007,4.574999999999999,0
HARPIA_20140215_054500.wav,none,1.033,2.715,0
HARPIA_20140215_060000.wav,none,6.917,11.52,0
HARPIA_20140215_061500.wav,none,0.563,4.92,0
HARPIA_20140215_063000.wav,none,2.3440000000000003,3.23,0
HARPIA_20140215_064500.wav,none,1.066,3.16,0
HARPIA_20140215_070000.wav,none,0.868,2.835,0
HARPIA_20140215_071500.wav,none,1.4600000000000002,2.5,0
HARPIA_20140215_073000.wav,none,1.09,3.2199999999999998,0
HARPIA_20140215_074500.wav,none,2.82,2.76,0
HARPIA_20140215_080000.wav,none,0.9760000000000002,2.895,0
HARPIA_20140210_054500.wav,none,1.371,0.56,0
HARPIA_20140210_060000.wav,none,1.6869999999999998,0.41000000000000003,0
HARPIA_20140210_061500.wav,none,1.4290000000000003,0.515,0
HARPIA_20140210_063000.wav,none,1.3930000000000002,0.0049999999999999906,0
HARPIA_20140210_064500.wav,none,1.3880000000000003,0.11,0
HARPIA_20140210_070000.wav,none,1.32,0.42,0
HARPIA_20140210_071500.wav,none,1.5839999999999999,0.01999999999999999,0
HARPIA_20140210_073000.wav,none,1.3399999999999999,0.33999999999999997,0
HARPIA_20140210_074500.wav,none,1.369,0.08499999999999999,0
HARPIA_20140210_080000.wav,none,1.705,0.09000000000000001,0
HARPIA_20140211_054500.wav,none,1.391,0.21,0
HARPIA_20140211_060000.wav,none,1.277,4.775,0
HARPIA_20140211_061500.wav,none,1.3279999999999998,2.82,0
HARPIA_20140211_063000.wav,none,1.895,0.46499999999999997,0
HARPIA_20140211_064500.wav,none,1.3820000000000001,0.995,0
HARPIA_20140211_070000.wav,none,1.3190000000000002,0.925,0
HARPIA_20140211_071500.wav,none,1.281,0.915,0
HARPIA_20140211_073000.wav,none,1.2890000000000001,1.085,0
HARPIA_20140211_074500.wav,none,1.1929999999999998,1.21,0
HARPIA_20140211_080000.wav,none,1.326,1.2850000000000001,0
HARPIA_20140212_054500.wav,none,2.024,1.145,0
HARPIA_20140212_060000.wav,none,1.044,5.24,0
HARPIA_20140212_061500.wav,none,0.9100000000000001,6.105,0
HARPIA_20140212_063000.wav,none,1.0559999999999998,3.3,0
HARPIA_20140212_064500.wav,none,1.093,2.365,0
HARPIA_20140212_070000.wav,none,1.155,1.815,0
HARPIA_20140212_071500.wav,none,1.166,2.915,0
HARPIA_20140212_073000.wav,none,1.083,2.2,0
HARPIA_20140212_074500.wav,none,1.0230000000000001,2.62,0
HARPIA_20140212_080000.wav,none,2.445,2.815,0
HARPIA_20140213_054500.wav,none,0.9409999999999998,4.615,0
HARPIA_20140213_060000.wav,none,4.4079999999999995,9.545,0
HARPIA_20140213_061500.wav,none,0.5250000000000001,6.645,0
HARPIA_20140213_063000.wav,none,0.7510000000000001,4.385,0
HARPIA_20140213_064500.wav,none,0.7709999999999999,4.645,0
HARPIA_20140213_070000.wav,none,1.0990000000000002,4.32,0
HARPIA_20140213_071500.wav,none,1.73,3.85,0
HARPIA_20140213_073000.wav,none,2.2749999999999995,4.54,0
HARPIA_20140213_074500.wav,none,1.3319999999999999,4.595,0
HARPIA_20140213_080000.wav,none,2.023,5.9399999999999995,0
HARPIA_20140204_054500.wav,none,0.7869999999999999,3.985,0
HARPIA_20140204_060000.wav,none,0.6380000000000001,5.215,0
HARPIA_20140204_061500.wav,none,2.968,8.51,0
HARPIA_20140204_063000.wav,none,0.33599999999999997,4.54,0
HARPIA_20140204_064500.wav,none,0.49499999999999994,2.9699999999999998,0
HARPIA_20140204_070000.wav,none,0.526,3.285,0
HARPIA_20140204_071500.wav,none,0.752,4.14,0
HARPIA_20140204_073000.wav,none,0.368,4.035,0
HARPIA_20140204_074500.wav,none,0.479,3.2649999999999997,0
HARPIA_20140204_080000.wav,none,-0.0029999999999999844,3.995,0
HARPIA_20140205_054500.wav,none,2.215,2.0100000000000002,0
HARPIA_20140205_060000.wav,none,0.347,8.035,0
HARPIA_20140205_061500.wav,none,0.66,8.01,0
HARPIA_20140205_063000.wav,none,0.373,7.130000000000001,0
HARPIA_20140205_064500.wav,none,1.6149999999999998,7.619999999999999,0
HARPIA_20140205_070000.wav,none,1.028,5.04,0
HARPIA_20140205_071500.wav,none,0.10799999999999998,5.3149999999999995,0
HARPIA_20140205_073000.wav,none,0.29900000000000004,4.175,0
HARPIA_20140205_074500.wav,none,0.294,4.52,0
HARPIA_20140205_080000.wav,none,0.48,5.41,0
HARPIA_20140216_054500.wav,none,-0.15500000000000003,3.64,0
HARPIA_20140216_060000.wav,none,2.349,10.83,0
HARPIA_20140216_061500.wav,none,0.792,8.645,0
HARPIA_20140216_063000.wav,none,0.242,4.155,0
HARPIA_20140216_064500.wav,none,0.36700000000000005,3.625,0
HARPIA_20140216_070000.wav,none,0.6440000000000001,3.04,0
HARPIA_20140216_071500.wav,none,0.999,3.715,0
HARPIA_20140216_073000.wav,none,1.812,3.45,0
HARPIA_20140216_074500.wav,none,1.232,3.3449999999999998,0
HARPIA_20140216_080000.wav,none,1.6060000000000003,3.8449999999999998,0
HARPIA_20140217_054500.wav,none,0.10900000000000001,5.15,0
HARPIA_20140217_060000.wav,none,-0.08,6.42,0
HARPIA_20140217_061500.wav,none,2.294,5.855,0
HARPIA_20140217_063000.wav,none,2.7139999999999995,4.3,0
HARPIA_20140217_064500.wav,none,1.701,3.455,0
HARPIA_20140217_070000.wav,none,2.956,3.115,0
HARPIA_20140217_071500.wav,none,-0.08400000000000002,2.96,0
HARPIA_20140217_073000.wav,none,0.016000000000000014,4.63,0
HARPIA_20140217_074500.wav,none,0.128,3.545,0
HARPIA_20140217_080000.wav,none,0.21699999999999994,4.07,0
HARPIA_20150217_054500.wav,none,-0.060999999999999985,5.07,0
HARPIA_20150217_060000.wav,none,-0.21600000000000003,8.68,0
HARPIA_20150217_061500.wav,none,0.09,5.35,0
HARPIA_20150217_063000.wav,none,0.254,5.955,0
HARPIA_20150217_064500.wav,none,0.5400000000000001,2.6500000000000004,0
HARPIA_20150217_070000.wav,none,1.456,2.8,0
HARPIA_20150217_071500.wav,none,2.6149999999999998,3.785,0
HARPIA_20150217_073000.wav,none,0.36900000000000005,3.115,0
HARPIA_20150217_074500.wav,none,1.296,2.6500000000000004,0
HARPIA_20150217_080000.wav,none,0.47000000000000003,3.04,0
HARPIA_20150218_054500.wav,none,-0.38300000000000006,4.67,0
HARPIA_20150218_060000.wav,none,0.5039999999999999,6.725,0
HARPIA_20150218_061500.wav,none,0.081,7.29,0
HARPIA_20150218_063000.wav,none,0.5630000000000001,4.945,0
HARPIA_20150218_064500.wav,none,3.274,5.43,0
HARPIA_20150218_070000.wav,none,2.711,7.225,0
HARPIA_20150218_071500.wav,none,2.2649999999999997,7.49,0
HARPIA_20150218_073000.wav,none,4.795,7.3,0
HARPIA_20150218_074500.wav,none,1.4500000000000004,3.6799999999999997,0
HARPIA_20150218_080000.wav,none,2.4160000000000004,5.4,0
HARPIA_20150210_054500.wav,none,0.506,2.9299999999999997,0
HARPIA_20150210_060000.wav,none,0.181,3.7800000000000002,0
HARPIA_20150210_061500.wav,none,0.0030000000000000005,3.825,0
HARPIA_20150210_063000.wav,none,0.8769999999999998,3.215,0
HARPIA_20150210_064500.wav,none,0.33599999999999997,2.7800000000000002,0
HARPIA_20150210_070000.wav,none,0.27199999999999996,4.17,0
HARPIA_20150210_071500.wav,none,0.6540000000000001,4.125,0
HARPIA_20150210_073000.wav,none,0.57,2.99,0
HARPIA_20150210_074500.wav,none,0.442,2.855,0
HARPIA_20150210_080000.wav,none,0.31,3.67,0
HARPIA_20150211_054500.wav,none,0.8789999999999999,3.04,0
HARPIA_20150211_060000.wav,none,0.866,1.78,0
HARPIA_20150211_061500.wav,none,0.8250000000000002,1.155,0
HARPIA_20150211_063000.wav,none,0.844,0.33999999999999997,0
HARPIA_20150211_064500.wav,none,0.8889999999999999,0.55,0
HARPIA_20150211_070000.wav,none,0.907,0.48,0
HARPIA_20150211_071500.wav,none,0.852,0.66,0
HARPIA_20150211_073000.wav,none,0.8400000000000001,0.675,0
HARPIA_20150211_074500.wav,none,0.8140000000000001,0.775,0
HARPIA_20150211_080000.wav,none,0.8089999999999999,7.83,0
HARPIA_20150212_054500.wav,none,1.034,2.925,0
HARPIA_20150212_060000.wav,none,2.021,6.154999999999999,0
HARPIA_20150212_061500.wav,none,1.337,5.210000000000001,0
HARPIA_20150212_063000.wav,none,1.448,4.155,0
HARPIA_20150212_064500.wav,none,0.9360000000000002,3.17,0
HARPIA_20150212_070000.wav,none,0.8990000000000002,3.4000000000000004,0
HARPIA_20150212_071500.wav,none,0.795,2.59,0
HARPIA_20150212_073000.wav,none,0.974,2.785,0
HARPIA_20150212_074500.wav,none,0.798,3.42,0
HARPIA_20150212_080000.wav,none,0.20800000000000002,2.485,0
HARPIA_20150209_054500.wav,none,0.9970000000000001,0.29000000000000004,0
HARPIA_20150209_060000.wav,none,0.8870000000000001,0.555,0
HARPIA_20150209_061500.wav,none,0.8699999999999999,0.595,0
HARPIA_20150209_063000.wav,none,0.906,0.13999999999999999,0
HARPIA_20150209_064500.wav,none,0.9689999999999998,0.07999999999999999,0
HARPIA_20150209_070000.wav,none,0.954,0.22500000000000003,0
HARPIA_20150209_071500.wav,none,0.9380000000000001,0.15,0
HARPIA_20150209_073000.wav,none,0.9560000000000001,0.19,0
HARPIA_20150209_074500.wav,none,0.9289999999999999,0.225,0
HARPIA_20150209_080000.wav,none,0.9550000000000001,0.73,0
HARPIA_20150215_054500.wav,none,2.103,0.7,0
HARPIA_20150215_060000.wav,none,1.2349999999999999,0.855,0
HARPIA_20150215_061500.wav,none,1.4820000000000002,1.105,0
HARPIA_20150215_063000.wav,none,0.6719999999999999,1.07,0
HARPIA_20150215_064500.wav,none,1.018,0.8049999999999999,0
HARPIA_20150215_070000.wav,none,1.566,2.36,0
HARPIA_20150215_071500.wav,none,0.6019999999999999,1.61,0
HARPIA_20150215_073000.wav,none,0.9780000000000001,1.65,0
HARPIA_20150215_074500.wav,none,1.03,1.58,0
HARPIA_20150215_080000.wav,none,1.116,1.575,0
HARPIA_20150216_054500.wav,none,1.177,3,0
HARPIA_20150216_060000.wav,none,1.185,4.195,0
HARPIA_20150216_061500.wav,none,1.083,2.045,0
HARPIA_20150216_063000.wav,none,0.8539999999999999,1.6600000000000001,0
HARPIA_20150216_064500.wav,none,2.8259999999999996,1.4,0
HARPIA_20150216_070000.wav,none,1.076,1.8050000000000002,0
HARPIA_20150216_071500.wav,none,0.6059999999999999,2.005,0
HARPIA_20150216_073000.wav,none,1.9479999999999997,2.42,0
HARPIA_20150216_074500.wav,none,1.1630000000000003,2.185,0
HARPIA_20150216_080000.wav,none,0.561,2.25,0
HARPIA_20150207_054500.wav,none,0.8300000000000001,7.79,0
HARPIA_20150207_060000.wav,none,0.7330000000000001,7.585000000000001,0
HARPIA_20150207_061500.wav,none,0.8539999999999999,8.02,0
HARPIA_20150207_063000.wav,none,0.8300000000000001,3.715,0
HARPIA_20150207_064500.wav,none,0.604,2.685,0
HARPIA_20150207_070000.wav,none,0.551,3.5549999999999997,0
HARPIA_20150207_071500.wav,none,2.758,3.6599999999999997,0
HARPIA_20150207_073000.wav,none,0.766,2.79,0
HARPIA_20150207_074500.wav,none,0.9560000000000001,3.8049999999999997,0
HARPIA_20150207_080000.wav,none,0.362,3.87,0
HARPIA_20150208_054500.wav,none,0.915,3.405,0
HARPIA_20150208_060000.wav,none,4.385999999999999,7.83,0
HARPIA_20150208_061500.wav,none,3.061,5.1850000000000005,0
HARPIA_20150208_063000.wav,none,1.4300000000000002,6.550000000000001,0
HARPIA_20150208_064500.wav,none,3.7090000000000005,4.055,0
HARPIA_20150208_070000.wav,none,1.1170000000000002,4.1850000000000005,0
HARPIA_20150208_071500.wav,titi -- yes howler,6.2219999999999995,5.205,1
HARPIA_20150208_073000.wav,titi -- yes howler,5.593,4.485,1
HARPIA_20150208_074500.wav,none,2.1990000000000003,5.52,0
HARPIA_20150208_080000.wav,none,1.029,3.7199999999999998,0
HARPIA_20150213_054500.wav,none,0.5149999999999999,4.93,0
HARPIA_20150213_060000.wav,none,1.177,5.455,0
HARPIA_20150213_061500.wav,none,2.2700000000000005,5.220000000000001,0
HARPIA_20150213_063000.wav,none,0.385,3.9400000000000004,0
HARPIA_20150213_064500.wav,none,1.0830000000000002,3.5300000000000002,0
HARPIA_20150213_070000.wav,none,3.182,3.3,0
HARPIA_20150213_071500.wav,none,1.5210000000000001,3.965,0
HARPIA_20150213_073000.wav,none,3.534,3.58,0
HARPIA_20150213_074500.wav,none,0.893,3.83,0
HARPIA_20150213_080000.wav,none,0.7420000000000001,4.07,0
HARPIA_20150214_054500.wav,none,0.7700000000000001,3.4299999999999997,0
HARPIA_20150214_060000.wav,none,0.683,5.63,0
HARPIA_20150214_061500.wav,none,1.034,5.835,0
HARPIA_20150214_063000.wav,none,1.0210000000000001,4.85,0
HARPIA_20150214_064500.wav,none,1.28,3.5100000000000002,0
HARPIA_20150214_070000.wav,none,1.4989999999999999,2.9400000000000004,0
HARPIA_20150214_071500.wav,none,0.9829999999999999,3.9,0
HARPIA_20150214_073000.wav,none,1.9229999999999996,2.205,0
HARPIA_20150214_074500.wav,none,1.689,0.1,0
HARPIA_20150214_080000.wav,none,2.3729999999999998,0.415,0
HARPIA_20160126_054500.wav,none,0.7269999999999999,4.28,0
HARPIA_20160126_060000.wav,none,3.081,8.48,0
HARPIA_20160126_061500.wav,none,0.739,9.41,0
HARPIA_20160126_063000.wav,none,0.032999999999999995,7.46,0
HARPIA_20160126_064500.wav,none,0.9620000000000001,6.415,0
HARPIA_20160126_070000.wav,none,0.6890000000000001,4.11,0
HARPIA_20160126_071500.wav,none,1.4969999999999999,5.04,0
HARPIA_20160126_073000.wav,none,0.27899999999999997,7.04,0
HARPIA_20160126_074500.wav,none,-0.24400000000000005,4.525,0
HARPIA_20160126_080000.wav,none,0.48200000000000004,4.51,0
HARPIA_20160127_054500.wav,none,0.553,9.995,0
HARPIA_20160127_060000.wav,none,4.029999999999999,9.879999999999999,0
HARPIA_20160127_061500.wav,none,0.9279999999999999,7.415,0
HARPIA_20160127_063000.wav,titi -- yes howler,9.453,6.369999999999999,1
HARPIA_20160127_064500.wav,none,1.13,6.4399999999999995,0
HARPIA_20160127_070000.wav,none,0.225,3.325,0
HARPIA_20160127_071500.wav,none,0.4370000000000001,5.135,0
HARPIA_20160127_073000.wav,none,-0.053000000000000005,4.359999999999999,0
HARPIA_20160127_074500.wav,none,0.122,3.595,0
HARPIA_20160127_080000.wav,none,0.195,3.83,0
HARPIA_20160203_054500.wav,none,2.075,7.7,0
HARPIA_20160203_060000.wav,none,-0.44699999999999995,5.960000000000001,0
HARPIA_20160203_061500.wav,none,-0.425,4.984999999999999,0
HARPIA_20160203_063000.wav,none,0.135,4.005,0
HARPIA_20160203_064500.wav,none,0.653,4.029999999999999,0
HARPIA_20160203_070000.wav,none,3.6680000000000006,2.865,0
HARPIA_20160203_071500.wav,none,2.232,4.015,0
HARPIA_20160203_073000.wav,none,0.462,4.904999999999999,0
HARPIA_20160203_074500.wav,none,0.819,3.35,0
HARPIA_20160203_080000.wav,none,1.499,2.655,0
HARPIA_20160204_054500.wav,none,3.2640000000000002,10.96,0
HARPIA_20160204_060000.wav,none,1.831,11.105,0
HARPIA_20160204_061500.wav,none,0.7359999999999999,6.18,0
HARPIA_20160204_063000.wav,none,0.7739999999999999,2.935,0
HARPIA_20160204_064500.wav,none,1.3249999999999997,2.55,0
HARPIA_20160204_070000.wav,none,0.977,2.49,0
HARPIA_20160204_071500.wav,none,0.34600000000000003,3.145,0
HARPIA_20160204_073000.wav,titi -- yes howler,4.184,4.055,1
HARPIA_20160204_074500.wav,none,-0.059,2.57,0
HARPIA_20160204_080000.wav,none,1.129,5.805,0
HARPIA_20160130_054500.wav,none,1.6600000000000001,4.185,0
HARPIA_20160130_060000.wav,none,2.444,8.83,0
HARPIA_20160130_061500.wav,none,2.478,7.4350000000000005,0
HARPIA_20160130_063000.wav,none,1.0070000000000001,3.95,0
HARPIA_20160130_064500.wav,none,0.8460000000000001,3.79,0
HARPIA_20160130_070000.wav,none,1.438,4.345000000000001,0
HARPIA_20160130_071500.wav,none,2.247,3.8550000000000004,0
HARPIA_20160130_073000.wav,none,0.398,4.155,0
HARPIA_20160130_074500.wav,none,0.639,3.3,0
HARPIA_20160130_080000.wav,none,1.5610000000000002,3.17,0
HARPIA_20160131_054500.wav,none,1.226,6.965,0
HARPIA_20160131_060000.wav,none,0.43600000000000005,7.5649999999999995,0
HARPIA_20160131_061500.wav,none,0.268,10.915,0
HARPIA_20160131_063000.wav,none,2.214,3.665,0
HARPIA_20160131_064500.wav,titi -- no howler,4.908,3.3,1
HARPIA_20160131_070000.wav,none,3.0449999999999995,3.1849999999999996,0
HARPIA_20160131_071500.wav,none,1.9650000000000003,3.385,0
HARPIA_20160131_073000.wav,none,2.083,2.84,0
HARPIA_20160131_074500.wav,none,2.9379999999999997,9.915,0
HARPIA_20160131_080000.wav,none,1.2200000000000002,2.91,0
HARPIA_20160128_054500.wav,none,-0.02900000000000001,4.345,0
HARPIA_20160128_060000.wav,none,0.5780000000000001,7.575000000000001,0
HARPIA_20160128_061500.wav,none,-0.273,6.9,0
HARPIA_20160128_063000.wav,none,3.568,4.5600000000000005,0
HARPIA_20160128_064500.wav,none,2.331,4.265000000000001,0
HARPIA_20160128_070000.wav,none,0.131,4.555,0
HARPIA_20160128_071500.wav,none,3.3890000000000002,4.385,0
HARPIA_20160128_073000.wav,none,1.991,4.395,0
HARPIA_20160128_074500.wav,titi -- no howler,5.099,3.635,1
HARPIA_20160128_080000.wav,none,1.0350000000000001,3.045,0
HARPIA_20160129_054500.wav,none,0.22599999999999998,8.25,0
HARPIA_20160129_060000.wav,none,2.045,8.165,0
HARPIA_20160129_061500.wav,none,0.5740000000000001,5.359999999999999,0
HARPIA_20160129_063000.wav,none,1.195,5.135,0
HARPIA_20160129_064500.wav,none,0.21799999999999997,4.24,0
HARPIA_20160129_070000.wav,none,0.27,4.16,0
HARPIA_20160129_071500.wav,none,0.283,3.915,0
HARPIA_20160129_073000.wav,none,0.617,4.035,0
HARPIA_20160129_074500.wav,none,0.501,3.18,0
HARPIA_20160129_080000.wav,none,0.5239999999999999,3.71,0
HARPIA_20160201_054500.wav,none,-0.101,4.675,0
HARPIA_20160201_060000.wav,none,2.4259999999999997,9.965,0
HARPIA_20160201_061500.wav,none,3.5760000000000005,4.779999999999999,0
HARPIA_20160201_063000.wav,none,0.7240000000000001,4.28,0
HARPIA_20160201_064500.wav,none,0.5940000000000001,4.33,0
HARPIA_20160201_070000.wav,none,0.36499999999999994,4.31,0
HARPIA_20160201_071500.wav,none,0.7499999999999999,4.35,0
HARPIA_20160201_073000.wav,none,0.008000000000000007,3.87,0
HARPIA_20160201_074500.wav,none,0.23900000000000002,3.745,0
HARPIA_20160201_080000.wav,none,-0.126,3.995,0
HARPIA_20160202_054500.wav,none,6.7090000000000005,16.335,0
HARPIA_20160202_060000.wav,none,0.18599999999999997,7.630000000000001,0
HARPIA_20160202_061500.wav,none,6.520999999999999,12.965,0
HARPIA_20160202_063000.wav,none,0.5209999999999999,9.25,0
HARPIA_20160202_064500.wav,none,0.44299999999999995,3.525,0
HARPIA_20160202_070000.wav,none,2.028,12.605,0
HARPIA_20160202_071500.wav,none,1.9509999999999998,2.8600000000000003,0
HARPIA_20160202_073000.wav,none,1.559,2.77,0
HARPIA_20160202_074500.wav,none,2.186,3.11,0
HARPIA_20160202_080000.wav,none,0.7550000000000001,2.88,0
HARPIA_20170212_054500.wav,none,0.30799999999999994,9.495,0
HARPIA_20170212_060000.wav,none,1.4029999999999998,8.709999999999999,0
HARPIA_20170212_061500.wav,none,0.147,9.235,0
HARPIA_20170212_063000.wav,none,1.149,4.8149999999999995,0
HARPIA_20170212_064500.wav,none,0.473,3.8249999999999997,0
HARPIA_20170212_070000.wav,none,1.1640000000000001,6.125,0
HARPIA_20170212_071500.wav,none,1.6789999999999998,3.895,0
HARPIA_20170212_073000.wav,none,0.8510000000000002,7.265000000000001,0
HARPIA_20170212_074500.wav,none,0.421,4.45,0
HARPIA_20170212_080000.wav,none,1.25,4.115,0
HARPIA_20170213_054500.wav,none,6.359,10.515,0
HARPIA_20170213_060000.wav,none,5.804,10.68,0
HARPIA_20170213_061500.wav,none,5.95,9.52,0
HARPIA_20170213_063000.wav,none,5.066000000000001,11.739999999999998,0
HARPIA_20170213_064500.wav,none,4.071,11.305,0
HARPIA_20170213_070000.wav,none,5.467,10.925,0
HARPIA_20170213_071500.wav,none,0.45500000000000007,4.445,0
HARPIA_20170213_073000.wav,none,0.221,4.7,0
HARPIA_20170213_074500.wav,none,0.30399999999999994,4.765,0
HARPIA_20170213_080000.wav,none,-0.426,5.1,0
HARPIA_20170217_054500.wav,none,0.319,2.5250000000000004,0
HARPIA_20170217_060000.wav,none,0.5740000000000001,5.890000000000001,0
HARPIA_20170217_061500.wav,none,0.045,5.13,0
HARPIA_20170217_063000.wav,none,0.10999999999999999,3.485,0
HARPIA_20170217_064500.wav,none,0.22599999999999998,4.07,0
HARPIA_20170217_070000.wav,none,2.9270000000000005,4.255,0
HARPIA_20170217_071500.wav,none,2.0490000000000004,4.15,0
HARPIA_20170217_073000.wav,none,1.455,1.8900000000000001,0
HARPIA_20170217_074500.wav,none,1.227,2.18,0
HARPIA_20170217_080000.wav,none,0.396,3.51,0
HARPIA_20170218_054500.wav,none,1.383,0.64,0
HARPIA_20170218_060000.wav,none,0.9329999999999998,1.83,0
HARPIA_20170218_061500.wav,none,0.885,2.2249999999999996,0
HARPIA_20170218_063000.wav,none,0.818,0.77,0
HARPIA_20170218_064500.wav,none,0.9279999999999999,0.7949999999999999,0
HARPIA_20170218_070000.wav,none,1.05,1.1749999999999998,0
HARPIA_20170218_071500.wav,none,0.9949999999999999,0.84,0
HARPIA_20170218_073000.wav,none,2.587,2.1149999999999998,0
HARPIA_20170218_074500.wav,none,1.6759999999999997,1.98,0
HARPIA_20170218_080000.wav,none,1.25,1.98,0
HARPIA_20170219_054500.wav,none,1.634,3.4699999999999998,0
HARPIA_20170219_060000.wav,none,7.353999999999999,9.615,0
HARPIA_20170219_061500.wav,none,1.196,4.68,0
HARPIA_20170219_063000.wav,none,2.3939999999999997,3.355,0
HARPIA_20170219_064500.wav,none,1.137,2.3,0
HARPIA_20170219_070000.wav,titi -- no howler,4.035,2.68,1
HARPIA_20170219_071500.wav,none,3.4349999999999996,2.665,0
HARPIA_20170219_073000.wav,none,0.917,2.665,0
HARPIA_20170219_074500.wav,none,1.2479999999999998,3.5300000000000002,0
HARPIA_20170219_080000.wav,none,1.6740000000000002,3.1,0
HARPIA_20170214_054500.wav,none,1.2189999999999999,-0.405,0
HARPIA_20170214_060000.wav,none,1.237,-0.39,0
HARPIA_20170214_061500.wav,none,1.171,-0.22,0
HARPIA_20170214_063000.wav,none,1.202,-0.27,0
HARPIA_20170214_064500.wav,none,1.1949999999999998,-0.385,0
HARPIA_20170214_070000.wav,none,1.116,-0.2,0
HARPIA_20170214_071500.wav,none,1.115,-0.1,0
HARPIA_20170214_073000.wav,none,1.013,1.51,0
HARPIA_20170214_074500.wav,none,1.1030000000000002,0.83,0
HARPIA_20170214_080000.wav,none,1.05,0.515,0
HARPIA_20170215_054500.wav,none,1.5010000000000001,6.595000000000001,0
HARPIA_20170215_060000.wav,none,3.5120000000000005,10.365,0
HARPIA_20170215_061500.wav,none,2.152,6.88,0
HARPIA_20170215_063000.wav,none,1.511,2.9749999999999996,0
HARPIA_20170215_064500.wav,none,2.345,3.4050000000000002,0
HARPIA_20170215_070000.wav,titi -- no howler,5.340000000000001,3.405,1
HARPIA_20170215_071500.wav,none,2.5370000000000004,2.95,0
HARPIA_20170215_073000.wav,none,2.623,2.7199999999999998,0
HARPIA_20170215_074500.wav,none,1.6470000000000002,2.54,0
HARPIA_20170215_080000.wav,none,0.1,2.6399999999999997,0
HARPIA_20170216_054500.wav,none,0.969,1.025,0
HARPIA_20170216_060000.wav,none,6.2589999999999995,12.405000000000001,0
HARPIA_20170216_061500.wav,none,1.968,8.43,0
HARPIA_20170216_063000.wav,none,1.2759999999999998,3.465,0
HARPIA_20170216_064500.wav,none,2.623,3.3449999999999998,0
HARPIA_20170216_070000.wav,none,2.281,2.31,0
HARPIA_20170216_071500.wav,none,2.724,2.37,0
HARPIA_20170216_073000.wav,titi -- no howler,8.184999999999999,2.79,1
HARPIA_20170216_074500.wav,none,2.311,2.375,0
HARPIA_20170216_080000.wav,none,1.1119999999999999,2.42,0
HARPIA_20170220_054500.wav,none,0.265,3.67,0
HARPIA_20170220_060000.wav,none,0.41100000000000003,4.58,0
HARPIA_20170220_061500.wav,none,0.449,4.25,0
HARPIA_20170220_063000.wav,none,0.7889999999999999,3.125,0
HARPIA_20170220_064500.wav,none,0.518,2.865,0
HARPIA_20170220_070000.wav,none,0.662,3.62,0
HARPIA_20170220_071500.wav,none,1.834,2.85,0
HARPIA_20170220_073000.wav,none,3.5980000000000003,3.52,0
HARPIA_20170220_074500.wav,none,0.891,8.58,0
HARPIA_20170220_080000.wav,none,0.155,3.83,0
HARPIA_20170221_054500.wav,none,1.265,8.11,0
HARPIA_20170221_060000.wav,none,-0.186,8.055,0
HARPIA_20170221_061500.wav,none,1.207,4.8,0
HARPIA_20170221_063000.wav,none,1.907,3.675,0
HARPIA_20170221_064500.wav,none,1.341,3.665,0
HARPIA_20170221_070000.wav,none,0.9570000000000001,3.5949999999999998,0
HARPIA_20170221_071500.wav,none,1.2249999999999999,3.5300000000000002,0
HARPIA_20170221_073000.wav,none,1.002,3.995,0
HARPIA_20170221_074500.wav,none,1.2040000000000002,2.73,0
HARPIA_20170221_080000.wav,none,0.471,2.205,0
HARPIA_20170222_054500.wav,none,1.8669999999999998,0.215,0
HARPIA_20170222_060000.wav,none,0.9,1.4,0
HARPIA_20170222_061500.wav,none,0.9810000000000002,0.53,0
HARPIA_20170222_063000.wav,none,1.098,-0.325,0
HARPIA_20170222_064500.wav,none,1.0690000000000002,0.155,0
HARPIA_20170222_070000.wav,none,1.818,-0.23500000000000001,0
HARPIA_20170222_071500.wav,none,0.909,-0.13,0
HARPIA_20170222_073000.wav,none,2.2950000000000004,-0.21,0
HARPIA_20170222_074500.wav,none,1.261,0.09999999999999999,0
HARPIA_20170222_080000.wav,none,0.8190000000000002,-0.05,0
HARPIA_20170223_054500.wav,none,2.5140000000000002,9.370000000000001,0
HARPIA_20170223_060000.wav,none,3.3669999999999995,9.434999999999999,0
HARPIA_20170223_061500.wav,none,0.14200000000000002,3.35,0
HARPIA_20170223_063000.wav,none,0.324,2.66,0
HARPIA_20170223_064500.wav,none,0.6020000000000001,2.41,0
HARPIA_20170223_070000.wav,none,0.892,1.94,0
HARPIA_20170223_071500.wav,none,0.7190000000000001,2.025,0
HARPIA_20170223_073000.wav,none,0.441,2,0
HARPIA_20170223_074500.wav,none,2.819,3.01,0
HARPIA_20170223_080000.wav,none,2.8129999999999997,2.725,0
HARPIA_20170224_054500.wav,none,1.24,6.4399999999999995,0
HARPIA_20170224_060000.wav,none,3.7359999999999998,5.279999999999999,0
HARPIA_20170224_061500.wav,none,0.8360000000000001,3.34,0
HARPIA_20170224_063000.wav,none,1.33,2.835,0
HARPIA_20170224_064500.wav,none,0.244,3.3550000000000004,0
HARPIA_20170224_070000.wav,none,0.42400000000000004,2.5,0
HARPIA_20170224_071500.wav,none,1.3320000000000003,2.715,0
HARPIA_20170224_073000.wav,none,1.212,2.4699999999999998,0
HARPIA_20170224_074500.wav,none,1.2149999999999999,2.92,0
HARPIA_20170224_080000.wav,none,2.421,3.2,0
PUMA_20130304_054500.wav,none,0.187,1.85,0
PUMA_20130304_060000.wav,none,0.20700000000000002,1.915,0
PUMA_20130304_061500.wav,none,0.16999999999999998,1.84,0
PUMA_20130304_063000.wav,none,0.22400000000000003,1.8199999999999998,0
PUMA_20130304_064500.wav,none,0.21599999999999997,1.835,0
PUMA_20130304_070000.wav,none,0.20800000000000002,1.77,0
PUMA_20130304_071500.wav,none,0.19899999999999998,1.81,0
PUMA_20130304_073000.wav,none,0.227,1.815,0
PUMA_20130304_074500.wav,none,0.185,1.79,0
PUMA_20130304_080000.wav,none,0.21800000000000003,1.7850000000000001,0
PUMA_20130305_054500.wav,none,0.24300000000000002,1.8450000000000002,0
PUMA_20130305_060000.wav,none,0.229,1.855,0
PUMA_20130305_061500.wav,none,0.21599999999999997,1.86,0
PUMA_20130305_063000.wav,none,0.195,1.8250000000000002,0
PUMA_20130305_064500.wav,none,0.181,1.7999999999999998,0
PUMA_20130305_070000.wav,none,0.20500000000000002,1.755,0
PUMA_20130305_071500.wav,none,0.227,1.795,0
PUMA_20130305_073000.wav,none,0.16299999999999998,1.89,0
PUMA_20130305_074500.wav,none,0.202,1.8399999999999999,0
PUMA_20130305_080000.wav,none,0.20500000000000002,1.8900000000000001,0
PUMA_20130301_054500.wav,none,1.8739999999999994,0.64,0
PUMA_20130301_060000.wav,none,0.8230000000000001,0.335,0
PUMA_20130301_061500.wav,none,0.7969999999999999,0.10500000000000001,0
PUMA_20130301_063000.wav,none,0.917,-0.06500000000000002,0
PUMA_20130301_064500.wav,none,0.908,0.07500000000000001,0
PUMA_20130301_070000.wav,none,0.869,0.185,0
PUMA_20130301_071500.wav,none,3.6079999999999997,4.99,0
PUMA_20130301_073000.wav,none,1.8590000000000004,3.45,0
PUMA_20130301_074500.wav,none,0.711,3.325,0
PUMA_20130301_080000.wav,none,0.7070000000000001,0.645,0
PUMA_20130302_054500.wav,none,0.51,6.609999999999999,0
PUMA_20130302_060000.wav,none,4.507,6.1899999999999995,0
PUMA_20130302_061500.wav,none,2.927,5.21,0
PUMA_20130302_063000.wav,none,2.264,4.255,0
PUMA_20130302_064500.wav,none,3.678,5.46,0
PUMA_20130302_070000.wav,none,0.8109999999999999,3.12,0
PUMA_20130302_071500.wav,none,1.9399999999999995,2.8,0
PUMA_20130302_073000.wav,none,1.7279999999999998,3.105,0
PUMA_20130302_074500.wav,none,0.14000000000000004,2.54,0
PUMA_20130302_080000.wav,none,2.3080000000000003,2.4299999999999997,0
PUMA_20130303_054500.wav,none,4.010999999999999,6.755,0
PUMA_20130303_060000.wav,none,1.9469999999999996,5.154999999999999,0
PUMA_20130303_061500.wav,none,2.607,4.53,0
PUMA_20130303_063000.wav,none,3.567,4.855,0
PUMA_20130303_064500.wav,none,0.893,3.165,0
PUMA_20130303_070000.wav,none,1.8960000000000001,4.01,0
PUMA_20130303_071500.wav,none,2.7,4.805,0
PUMA_20130303_073000.wav,none,1.886,4.335,0
PUMA_20130303_074500.wav,none,0.12799999999999997,2.885,0
PUMA_20130303_080000.wav,none,0.18999999999999997,2.295,0
PUMA_20140210_054500.wav,none,1.171,0.34,0
PUMA_20140210_060000.wav,none,1.517,0.37,0
PUMA_20140210_061500.wav,none,1.4999999999999998,0.43,0
PUMA_20140210_063000.wav,none,0.9720000000000001,0.365,0
PUMA_20140210_064500.wav,none,1.028,0.41000000000000003,0
PUMA_20140210_070000.wav,none,0.967,0.645,0
PUMA_20140210_071500.wav,none,1.055,0.29,0
PUMA_20140210_073000.wav,none,1.376,0.395,0
PUMA_20140210_074500.wav,none,1.449,3.795,0
PUMA_20140210_080000.wav,none,0.9570000000000001,0.495,0
PUMA_20140211_054500.wav,none,1.016,0.6399999999999999,0
PUMA_20140211_060000.wav,none,1.089,2.8200000000000003,0
PUMA_20140211_061500.wav,none,0.737,7.029999999999999,0
PUMA_20140211_063000.wav,none,0.953,2.2800000000000002,0
PUMA_20140211_064500.wav,none,0.729,1.145,0
PUMA_20140211_070000.wav,none,0.865,1.58,0
PUMA_20140211_071500.wav,none,0.7059999999999998,1.01,0
PUMA_20140211_073000.wav,none,1.009,1.205,0
PUMA_20140211_074500.wav,none,1.623,1.8199999999999998,0
PUMA_20140211_080000.wav,none,1.246,1.44,0
PUMA_20140212_054500.wav,none,0.8020000000000002,1.8900000000000001,0
PUMA_20140212_060000.wav,none,1.326,1.35,0
PUMA_20140212_061500.wav,none,1.848,0.9650000000000001,0
PUMA_20140212_063000.wav,none,0.9530000000000001,0.8400000000000001,0
PUMA_20140212_064500.wav,none,0.793,0.9299999999999999,0
PUMA_20140212_070000.wav,none,0.805,1.1800000000000002,0
PUMA_20140212_071500.wav,none,0.7060000000000001,1.085,0
PUMA_20140212_073000.wav,none,0.6399999999999999,1.525,0
PUMA_20140212_074500.wav,none,0.44499999999999995,2.06,0
PUMA_20140212_080000.wav,none,0.5010000000000001,1.8,0
PUMA_20140208_054500.wav,none,1.1280000000000001,2.835,0
PUMA_20140208_060000.wav,none,0.659,2.745,0
PUMA_20140208_061500.wav,none,1.0110000000000001,0.06500000000000002,0
PUMA_20140208_063000.wav,none,0.962,0.07,0
PUMA_20140208_064500.wav,none,0.931,0.12,0
PUMA_20140208_070000.wav,none,0.993,0.10500000000000001,0
PUMA_20140208_071500.wav,none,1.077,0.21,0
PUMA_20140208_073000.wav,none,1.072,0.6799999999999999,0
PUMA_20140208_074500.wav,none,1.027,0.03,0
PUMA_20140208_080000.wav,none,1.0030000000000001,0.09499999999999999,0
PUMA_20140209_054500.wav,none,0.752,4.125,0
PUMA_20140209_060000.wav,none,1.206,3.065,0
PUMA_20140209_061500.wav,none,0.09,3.13,0
PUMA_20140209_063000.wav,none,0.375,2.645,0
PUMA_20140209_064500.wav,none,0.9700000000000001,2.425,0
PUMA_20140209_070000.wav,none,3.4270000000000005,2.4450000000000003,0
PUMA_20140209_071500.wav,titi -- no howler,5.811000000000001,3.64,1
PUMA_20140209_073000.wav,none,0.922,2.6950000000000003,0
PUMA_20140209_074500.wav,none,0.5700000000000001,2.5,0
PUMA_20140209_080000.wav,none,0.893,0.765,0
PUMA_20140213_054500.wav,none,0.198,3.76,0
PUMA_20140213_060000.wav,none,-0.036,3.465,0
PUMA_20140213_061500.wav,none,2.7755575615628915e-18,3.4349999999999996,0
PUMA_20140213_063000.wav,none,0.006000000000000005,2.825,0
PUMA_20140213_064500.wav,none,0.041999999999999996,2.855,0
PUMA_20140213_070000.wav,none,0.017000000000000005,3.045,0
PUMA_20140213_071500.wav,none,0.28500000000000003,2.75,0
PUMA_20140213_073000.wav,none,0.31799999999999995,2.715,0
PUMA_20140213_074500.wav,none,0.263,2.665,0
PUMA_20140213_080000.wav,none,0.01499999999999999,3.065,0
PUMA_20140214_054500.wav,none,0.841,4.2,0
PUMA_20140214_060000.wav,none,-0.33899999999999997,5.4,0
PUMA_20140214_061500.wav,none,-0.011999999999999992,5.23,0
PUMA_20140214_063000.wav,none,-0.18,4.005,0
PUMA_20140214_064500.wav,none,0.03800000000000002,4.82,0
PUMA_20140214_070000.wav,none,0.07900000000000001,4.455,0
PUMA_20140214_071500.wav,none,1.7710000000000001,3.06,0
PUMA_20140214_073000.wav,none,0.02199999999999998,3.7,0
PUMA_20140214_074500.wav,none,0.453,3.125,0
PUMA_20140214_080000.wav,none,0.308,3.3200000000000003,0
PUMA_20140205_054500.wav,none,1.6720000000000002,0.8250000000000001,0
PUMA_20140205_060000.wav,none,1.1310000000000002,5.105,0
PUMA_20140205_061500.wav,none,0.868,5.995,0
PUMA_20140205_063000.wav,none,3.407,4.859999999999999,0
PUMA_20140205_064500.wav,none,3.0450000000000004,7.945,0
PUMA_20140205_070000.wav,none,2.272,4.915,0
PUMA_20140205_071500.wav,none,3.1530000000000005,4.375,0
PUMA_20140205_073000.wav,none,2.613,4.35,0
PUMA_20140205_074500.wav,none,2.696,4.595000000000001,0
PUMA_20140205_080000.wav,none,0.28700000000000003,6.425000000000001,0
PUMA_20140206_054500.wav,none,1.2009999999999996,5.245,0
PUMA_20140206_060000.wav,none,1.5130000000000001,7.335,0
PUMA_20140206_061500.wav,none,1.908,7.1850000000000005,0
PUMA_20140206_063000.wav,none,3.2340000000000004,6.705,0
PUMA_20140206_064500.wav,none,4.779000000000001,5.6850000000000005,0
PUMA_20140206_070000.wav,none,2.646,5.635,0
PUMA_20140206_071500.wav,none,1.526,5.54,0
PUMA_20140206_073000.wav,none,0.8379999999999999,6.38,0
PUMA_20140206_074500.wav,none,1.5650000000000002,7.33,0
PUMA_20140206_080000.wav,none,1.47,9.15,0
PUMA_20140207_054500.wav,none,0.404,3.555,0
PUMA_20140207_060000.wav,none,-0.173,5.9,0
PUMA_20140207_061500.wav,none,1.0599999999999998,6.43,0
PUMA_20140207_063000.wav,none,2.2369999999999997,5.21,0
PUMA_20140207_064500.wav,none,3.011,4.625,0
PUMA_20140207_070000.wav,titi -- yes howler,4.573,4.365,1
PUMA_20140207_071500.wav,none,3.9270000000000005,4.9,0
PUMA_20140207_073000.wav,none,2.1119999999999997,4.45,0
PUMA_20140207_074500.wav,titi -- yes howler,9.009,5.425000000000001,1
PUMA_20140207_080000.wav,none,2.6120000000000005,5.005,0
PUMA_20150216_054500.wav,none,0.623,2.18,0
PUMA_20150216_060000.wav,none,0.4640000000000001,2.785,0
PUMA_20150216_061500.wav,none,0.865,6.51,0
PUMA_20150216_063000.wav,titi -- yes howler,5.687,5.655,1
PUMA_20150216_064500.wav,titi -- no howler,6.739,2.46,1
PUMA_20150216_070000.wav,none,2.284,2.145,0
PUMA_20150216_071500.wav,none,0.43899999999999995,2.615,0
PUMA_20150216_073000.wav,none,1.546,2.795,0
PUMA_20150216_074500.wav,none,3.0079999999999996,2.665,0
PUMA_20150216_080000.wav,none,1.9170000000000003,3.88,0
PUMA_20150217_054500.wav,none,0.256,2.165,0
PUMA_20150217_060000.wav,none,0.34700000000000003,2.575,0
PUMA_20150217_061500.wav,none,0.9090000000000001,2.35,0
PUMA_20150217_063000.wav,none,1.155,2.135,0
PUMA_20150217_064500.wav,none,0.8729999999999999,2.1399999999999997,0
PUMA_20150217_070000.wav,none,1.059,2.39,0
PUMA_20150217_071500.wav,none,0.915,2.39,0
PUMA_20150217_073000.wav,none,0.8100000000000002,2.2249999999999996,0
PUMA_20150217_074500.wav,none,0.835,2.3499999999999996,0
PUMA_20150217_080000.wav,none,0.5589999999999999,2.85,0
PUMA_20150214_054500.wav,none,1.2389999999999999,3.145,0
PUMA_20150214_060000.wav,none,0.309,3.7750000000000004,0
PUMA_20150214_061500.wav,none,-0.20800000000000002,4.67,0
PUMA_20150214_063000.wav,none,0.409,3.505,0
PUMA_20150214_064500.wav,none,0.462,4.91,0
PUMA_20150214_070000.wav,none,0.142,4.31,0
PUMA_20150214_071500.wav,none,-0.079,3.77,0
PUMA_20150214_073000.wav,none,0.042,5.695,0
PUMA_20150214_074500.wav,none,1.349,2.395,0
PUMA_20150214_080000.wav,none,1.0529999999999997,2.955,0
PUMA_20150215_054500.wav,none,3.19,4.1,0
PUMA_20150215_060000.wav,none,3.175,1.835,0
PUMA_20150215_061500.wav,none,0.617,2.17,0
PUMA_20150215_063000.wav,none,0.483,2.365,0
PUMA_20150215_064500.wav,none,0.5760000000000001,1.755,0
PUMA_20150215_070000.wav,none,0.5640000000000001,1.59,0
PUMA_20150215_071500.wav,none,1.3850000000000002,1.81,0
PUMA_20150215_073000.wav,none,2.588,1.835,0
PUMA_20150215_074500.wav,none,2.529,11.594999999999999,0
PUMA_20150215_080000.wav,none,0.8899999999999999,2.2300000000000004,0
PUMA_20150218_054500.wav,none,0.7500000000000001,3.665,0
PUMA_20150218_060000.wav,none,0.05399999999999999,5.279999999999999,0
PUMA_20150218_061500.wav,none,3.4869999999999997,11.504999999999999,0
PUMA_20150218_063000.wav,none,0.02699999999999999,4.625,0
PUMA_20150218_064500.wav,none,1.9110000000000003,4.3149999999999995,0
PUMA_20150218_070000.wav,none,-0.191,4.835,0
PUMA_20150218_071500.wav,none,-0.11300000000000002,3.2350000000000003,0
PUMA_20150218_073000.wav,none,0.7110000000000001,3.615,0
PUMA_20150218_074500.wav,none,-0.12200000000000003,3.7750000000000004,0
PUMA_20150218_080000.wav,none,-0.11299999999999999,3.78,0
PUMA_20150219_054500.wav,none,0.6480000000000001,2.94,0
PUMA_20150219_060000.wav,none,-0.08800000000000002,4.535,0
PUMA_20150219_061500.wav,none,3.636,12.915,0
PUMA_20150219_063000.wav,none,1.309,3.395,0
PUMA_20150219_064500.wav,none,1.9229999999999996,2.735,0
PUMA_20150219_070000.wav,none,0.279,3.215,0
PUMA_20150219_071500.wav,none,3.553,3.455,0
PUMA_20150219_073000.wav,none,3.3949999999999996,3.255,0
PUMA_20150219_074500.wav,none,1.7109999999999999,2.34,0
PUMA_20150219_080000.wav,none,0.595,2.685,0
PUMA_20150211_054500.wav,none,1.143,1.95,0
PUMA_20150211_060000.wav,none,1.134,0.835,0
PUMA_20150211_061500.wav,none,1.036,0.19499999999999998,0
PUMA_20150211_063000.wav,none,1.123,-0.065,0
PUMA_20150211_064500.wav,none,1.109,0.04500000000000001,0
PUMA_20150211_070000.wav,none,1.0959999999999999,-0.04500000000000001,0
PUMA_20150211_071500.wav,none,1.419,0.10999999999999999,0
PUMA_20150211_073000.wav,none,1.16,0.024999999999999994,0
PUMA_20150211_074500.wav,none,1.176,0.16999999999999998,0
PUMA_20150211_080000.wav,none,1.1829999999999998,7.085,0
PUMA_20150212_054500.wav,none,3.2050000000000005,1.42,0
PUMA_20150212_060000.wav,none,0.605,2.7,0
PUMA_20150212_061500.wav,none,1.016,2.84,0
PUMA_20150212_063000.wav,titi -- no howler,4.5840000000000005,2.54,1
PUMA_20150212_064500.wav,none,3.7949999999999995,2.34,0
PUMA_20150212_070000.wav,none,0.7530000000000001,2.26,0
PUMA_20150212_071500.wav,none,0.522,2.83,0
PUMA_20150212_073000.wav,none,0.8269999999999997,2.8,0
PUMA_20150212_074500.wav,none,0.598,3.08,0
PUMA_20150212_080000.wav,none,0.7070000000000001,3.1799999999999997,0
PUMA_20150213_054500.wav,none,1.275,2.7649999999999997,0
PUMA_20150213_060000.wav,none,0.69,4.145,0
PUMA_20150213_061500.wav,none,8.405,12.245000000000001,0
PUMA_20150213_063000.wav,none,2.4400000000000004,3.215,0
PUMA_20150213_064500.wav,none,1.3570000000000002,3.545,0
PUMA_20150213_070000.wav,none,1.966,3.9299999999999997,0
PUMA_20150213_071500.wav,none,2.342,3.965,0
PUMA_20150213_073000.wav,none,0.909,3.865,0
PUMA_20150213_074500.wav,none,1.319,3.165,0
PUMA_20150213_080000.wav,none,2.101,3.625,0
PUMA_20150210_054500.wav,none,1.084,4.175,0
PUMA_20150210_060000.wav,none,1.318,4.295,0
PUMA_20150210_061500.wav,none,1.1570000000000003,-0.495,0
PUMA_20150210_063000.wav,none,1.098,0.42500000000000004,0
PUMA_20150210_064500.wav,none,0.901,0.685,0
PUMA_20150210_070000.wav,none,0.893,0.6799999999999999,0
PUMA_20150210_071500.wav,none,2.3259999999999996,1.42,0
PUMA_20150210_073000.wav,none,2.5890000000000004,1.035,0
PUMA_20150210_074500.wav,none,1.549,2.935,0
PUMA_20150210_080000.wav,none,1.1059999999999999,3.555,0
PUMA_20150208_054500.wav,none,0.41500000000000004,4.975,0
PUMA_20150208_060000.wav,none,0.37299999999999994,5.5,0
PUMA_20150208_061500.wav,none,1.1,3.515,0
PUMA_20150208_063000.wav,none,2.789,3.33,0
PUMA_20150208_064500.wav,none,4.176,4.949999999999999,0
PUMA_20150208_070000.wav,titi -- no howler,5.2170000000000005,3.4499999999999997,1
PUMA_20150208_071500.wav,none,2.303,3.9000000000000004,0
PUMA_20150208_073000.wav,none,1.8389999999999997,4.145,0
PUMA_20150208_074500.wav,none,1.4110000000000003,3.56,0
PUMA_20150208_080000.wav,none,1.505,5.595,0
PUMA_20150209_054500.wav,none,1.0299999999999998,-0.33499999999999996,0
PUMA_20150209_060000.wav,none,1.0050000000000001,-0.0050000000000000044,0
PUMA_20150209_061500.wav,none,0.998,0.035,0
PUMA_20150209_063000.wav,none,1.134,-0.24500000000000002,0
PUMA_20150209_064500.wav,none,1.1309999999999998,-0.33999999999999997,0
PUMA_20150209_070000.wav,none,1.0390000000000001,-0.43,0
PUMA_20150209_071500.wav,none,1.0980000000000003,-0.43,0
PUMA_20150209_073000.wav,none,1.076,-0.345,0
PUMA_20150209_074500.wav,none,1.089,-0.34,0
PUMA_20150209_080000.wav,none,1.092,-0.22999999999999998,0
PUMA_20160210_054500.wav,none,1.6020000000000003,0.66,0
PUMA_20160210_060000.wav,none,0.9479999999999998,1.3900000000000001,0
PUMA_20160210_061500.wav,none,0.766,1.33,0
PUMA_20160210_063000.wav,none,1.2399999999999998,1.52,0
PUMA_20160210_064500.wav,none,1.8369999999999997,1.7799999999999998,0
PUMA_20160210_070000.wav,none,0.714,1.195,0
PUMA_20160210_071500.wav,none,0.6659999999999998,3.29,0
PUMA_20160210_073000.wav,none,0.625,2.2199999999999998,0
PUMA_20160210_074500.wav,none,1.012,3.36,0
PUMA_20160210_080000.wav,none,2.092,4.52,0
PUMA_20160211_054500.wav,none,1.0190000000000001,0.55,0
PUMA_20160211_060000.wav,none,0.791,1.1949999999999998,0
PUMA_20160211_061500.wav,none,1.459,1.5950000000000002,0
PUMA_20160211_063000.wav,none,1.3699999999999999,0.8500000000000001,0
PUMA_20160211_064500.wav,none,1.044,0.73,0
PUMA_20160211_070000.wav,none,0.6849999999999999,1.13,0
PUMA_20160211_071500.wav,none,1.236,1.7650000000000001,0
PUMA_20160211_073000.wav,none,2.0520000000000005,2.5700000000000003,0
PUMA_20160211_074500.wav,none,2.5129999999999995,2.545,0
PUMA_20160211_080000.wav,none,2.1529999999999996,3.185,0
PUMA_20160212_054500.wav,none,0.8950000000000001,1.685,0
PUMA_20160212_060000.wav,none,1.521,1.7200000000000002,0
PUMA_20160212_061500.wav,none,1.7750000000000004,1.595,0
PUMA_20160212_063000.wav,none,0.667,2.29,0
PUMA_20160212_064500.wav,titi -- no howler,4.715000000000001,1.815,1
PUMA_20160212_070000.wav,titi -- no howler,4.368,1.415,1
PUMA_20160212_071500.wav,none,1.7530000000000001,1.3900000000000001,0
PUMA_20160212_073000.wav,none,3.239,1.65,0
PUMA_20160212_074500.wav,none,2.3540000000000005,1.675,0
PUMA_20160212_080000.wav,titi -- no howler,5.623,2.725,1
PUMA_20160223_054500.wav,none,1.966,5.279999999999999,0
PUMA_20160223_060000.wav,none,1.8059999999999998,6.0600000000000005,0
PUMA_20160223_061500.wav,none,4.421000000000001,5.495,0
PUMA_20160223_063000.wav,none,2.353,7.09,0
PUMA_20160223_064500.wav,none,0.179,7.7,0
PUMA_20160223_070000.wav,none,0.8579999999999999,3.9749999999999996,0
PUMA_20160223_071500.wav,none,0.082,4.345000000000001,0
PUMA_20160223_073000.wav,none,-0.324,3.96,0
PUMA_20160223_074500.wav,none,0.165,4.095,0
PUMA_20160223_080000.wav,none,0.24100000000000002,3.8049999999999997,0
PUMA_20160225_054500.wav,none,1.3050000000000002,2.995,0
PUMA_20160225_060000.wav,none,1.077,3.25,0
PUMA_20160225_061500.wav,none,0.6389999999999999,3.06,0
PUMA_20160225_063000.wav,none,1.104,3.68,0
PUMA_20160225_064500.wav,none,1.2280000000000002,3.87,0
PUMA_20160225_070000.wav,none,1.0819999999999999,3.25,0
PUMA_20160225_071500.wav,none,1.2409999999999999,3.57,0
PUMA_20160225_073000.wav,none,0.8809999999999999,3.785,0
PUMA_20160225_074500.wav,none,2.028,3.4050000000000002,0
PUMA_20160225_080000.wav,none,0.45999999999999996,3.995,0
PUMA_20160213_054500.wav,none,2.61,3.1399999999999997,0
PUMA_20160213_060000.wav,none,2.522,12.665,0
PUMA_20160213_061500.wav,none,1.6439999999999997,10.5,0
PUMA_20160213_063000.wav,none,1.8969999999999998,4.465,0
PUMA_20160213_064500.wav,none,0.985,4.085,0
PUMA_20160213_070000.wav,none,1.4829999999999997,3.18,0
PUMA_20160213_071500.wav,none,2.289,3.5300000000000002,0
PUMA_20160213_073000.wav,none,2.935,3.9799999999999995,0
PUMA_20160213_074500.wav,none,2.5119999999999996,3.2800000000000002,0
PUMA_20160213_080000.wav,none,0.43000000000000005,3.33,0
PUMA_20160214_054500.wav,none,0.413,3.84,0
PUMA_20160214_060000.wav,none,0.414,4.695,0
PUMA_20160214_061500.wav,none,0.32999999999999996,3.93,0
PUMA_20160214_063000.wav,none,0.417,3.7,0
PUMA_20160214_064500.wav,none,0.8720000000000001,3.605,0
PUMA_20160214_070000.wav,none,0.716,3.5300000000000002,0
PUMA_20160214_071500.wav,none,1.269,3.765,0
PUMA_20160214_073000.wav,none,0.512,3.575,0
PUMA_20160214_074500.wav,none,0.8089999999999999,3.34,0
PUMA_20160214_080000.wav,none,0.7590000000000001,3.9050000000000002,0
PUMA_20160215_054500.wav,none,0.46699999999999997,3.9050000000000002,0
PUMA_20160215_060000.wav,none,0.48599999999999993,3.805,0
PUMA_20160215_061500.wav,none,0.603,2.915,0
PUMA_20160215_063000.wav,none,1.576,1.67,0
PUMA_20160215_064500.wav,none,1.2169999999999999,2.205,0
PUMA_20160215_070000.wav,none,1.4300000000000002,2.33,0
PUMA_20160215_071500.wav,none,0.8539999999999999,2.38,0
PUMA_20160215_073000.wav,none,0.536,2.1,0
PUMA_20160215_074500.wav,none,0.857,1.79,0
PUMA_20160215_080000.wav,none,1.462,2.3899999999999997,0
PUMA_20160219_054500.wav,none,0.555,1.695,0
PUMA_20160219_060000.wav,none,0.37499999999999994,2.34,0
PUMA_20160219_061500.wav,none,1.1620000000000001,1.975,0
PUMA_20160219_063000.wav,none,0.65,1.785,0
PUMA_20160219_064500.wav,none,0.5870000000000001,1.735,0
PUMA_20160219_070000.wav,none,0.6530000000000001,1.755,0
PUMA_20160219_071500.wav,none,1.222,1.825,0
PUMA_20160219_073000.wav,none,3.7909999999999995,2.135,0
PUMA_20160219_074500.wav,none,2.925,2.3049999999999997,0
PUMA_20160219_080000.wav,none,0.7150000000000001,3.46,0
PUMA_20160220_054500.wav,none,0.29,2.66,0
PUMA_20160220_060000.wav,none,2.025,4.205,0
PUMA_20160220_061500.wav,none,0.9260000000000002,3.8049999999999997,0
PUMA_20160220_063000.wav,none,1.305,5.025,0
PUMA_20160220_064500.wav,none,1.932,2.0149999999999997,0
PUMA_20160220_070000.wav,none,2.5060000000000002,1.67,0
PUMA_20160220_071500.wav,none,1.8970000000000002,2.17,0
PUMA_20160220_073000.wav,none,1.5779999999999998,3.0999999999999996,0
PUMA_20160220_074500.wav,none,1.312,2.2,0
PUMA_20160220_080000.wav,none,2.279,2.025,0
PUMA_20170221_054500.wav,none,2.0119999999999996,3.3150000000000004,0
PUMA_20170221_060000.wav,none,0.6960000000000001,3.265,0
PUMA_20170221_061500.wav,none,0.788,3.105,0
PUMA_20170221_063000.wav,none,0.9189999999999999,3.045,0
PUMA_20170221_064500.wav,none,0.601,2.065,0
PUMA_20170221_070000.wav,none,1.6900000000000002,2.355,0
PUMA_20170221_071500.wav,none,1.5210000000000001,2.7649999999999997,0
PUMA_20170221_073000.wav,none,1.1,2.9699999999999998,0
PUMA_20170221_074500.wav,none,0.986,2.86,0
PUMA_20170221_080000.wav,none,0.642,2.285,0
PUMA_20170222_054500.wav,none,0.907,0.39,0
PUMA_20170222_060000.wav,none,0.8690000000000001,2.415,0
PUMA_20170222_061500.wav,none,0.994,0.039999999999999994,0
PUMA_20170222_063000.wav,none,1.1609999999999998,-0.15999999999999998,0
PUMA_20170222_064500.wav,none,0.9540000000000001,0.10499999999999998,0
PUMA_20170222_070000.wav,none,0.8779999999999999,0.2,0
PUMA_20170222_071500.wav,none,0.8880000000000001,0.27999999999999997,0
PUMA_20170222_073000.wav,none,1.1880000000000002,0.45,0
PUMA_20170222_074500.wav,none,1.2309999999999999,0.32,0
PUMA_20170222_080000.wav,none,1.1640000000000001,0.495,0
PUMA_20170223_054500.wav,none,1.811,2.015,0
PUMA_20170223_060000.wav,titi -- no howler,5.720000000000001,2.7350000000000003,1
PUMA_20170223_061500.wav,titi -- no howler,4.457000000000001,3.9799999999999995,1
PUMA_20170223_063000.wav,none,0.8310000000000001,3.035,0
PUMA_20170223_064500.wav,none,1.155,2.6799999999999997,0
PUMA_20170223_070000.wav,none,0.951,2.0700000000000003,0
PUMA_20170223_071500.wav,none,0.8390000000000001,2.5300000000000002,0
PUMA_20170223_073000.wav,none,0.9349999999999999,1.8849999999999998,0
PUMA_20170223_074500.wav,none,1.8369999999999997,2.535,0
PUMA_20170223_080000.wav,none,0.8380000000000001,2.6799999999999997,0
PUMA_20170216_054500.wav,none,1.0719999999999998,1.495,0
PUMA_20170216_060000.wav,none,1.028,3.245,0
PUMA_20170216_061500.wav,none,1.057,2.075,0
PUMA_20170216_063000.wav,none,0.7939999999999999,2.26,0
PUMA_20170216_064500.wav,none,0.922,2.335,0
PUMA_20170216_070000.wav,none,1.5080000000000002,2.5949999999999998,0
PUMA_20170216_071500.wav,none,2.17,1.9100000000000001,0
PUMA_20170216_073000.wav,none,2.6599999999999997,2.49,0
PUMA_20170216_074500.wav,none,2.0609999999999995,1.94,0
PUMA_20170216_080000.wav,none,2.2719999999999994,2.13,0
PUMA_20170217_054500.wav,none,1.188,2.45,0
PUMA_20170217_060000.wav,none,1.551,2.2199999999999998,0
PUMA_20170217_061500.wav,none,0.03900000000000001,2.715,0
PUMA_20170217_063000.wav,none,0.05800000000000001,3.3499999999999996,0
PUMA_20170217_064500.wav,none,0.883,3.9,0
PUMA_20170217_070000.wav,none,-0.014999999999999986,3.945,0
PUMA_20170217_071500.wav,none,0.6769999999999999,3.59,0
PUMA_20170217_073000.wav,none,-0.20099999999999993,4.165,0
PUMA_20170217_074500.wav,none,1.8030000000000002,2.455,0
PUMA_20170217_080000.wav,none,0.857,0.07999999999999999,0
PUMA_20170213_054500.wav,none,-0.044000000000000025,5.635,0
PUMA_20170213_060000.wav,none,-0.135,8.21,0
PUMA_20170213_061500.wav,none,0.48100000000000004,4.859999999999999,0
PUMA_20170213_063000.wav,none,3.109,4.515000000000001,0
PUMA_20170213_064500.wav,none,0.5439999999999999,4.04,0
PUMA_20170213_070000.wav,none,0.836,3.74,0
PUMA_20170213_071500.wav,none,2.513,5.8149999999999995,0
PUMA_20170213_073000.wav,none,2.5959999999999996,4.84,0
PUMA_20170213_074500.wav,none,1.335,4.99,0
PUMA_20170213_080000.wav,none,-0.22400000000000003,4.1499999999999995,0
PUMA_20170214_054500.wav,none,1.01,-0.415,0
PUMA_20170214_060000.wav,none,1.0459999999999998,-0.32,0
PUMA_20170214_061500.wav,none,0.9490000000000001,-0.22,0
PUMA_20170214_063000.wav,none,0.9470000000000001,-0.22500000000000003,0
PUMA_20170214_064500.wav,none,0.921,-0.12,0
PUMA_20170214_070000.wav,none,0.908,0.13,0
PUMA_20170214_071500.wav,none,0.909,0.195,0
PUMA_20170214_073000.wav,none,0.8460000000000001,0.13499999999999998,0
PUMA_20170214_074500.wav,none,0.8370000000000001,0.04000000000000001,0
PUMA_20170214_080000.wav,none,0.817,0.59,0
PUMA_20170215_054500.wav,none,0.429,4.125,0
PUMA_20170215_060000.wav,none,0.13899999999999996,4.57,0
PUMA_20170215_061500.wav,none,2.332,4.15,0
PUMA_20170215_063000.wav,none,0.301,3.46,0
PUMA_20170215_064500.wav,none,0.627,4.93,0
PUMA_20170215_070000.wav,none,0.54,2.645,0
PUMA_20170215_071500.wav,none,3.4730000000000003,2.56,0
PUMA_20170215_073000.wav,none,1.493,3.025,0
PUMA_20170215_074500.wav,none,2.2780000000000005,3.215,0
PUMA_20170215_080000.wav,none,0.8399999999999999,2.61,0
PUMA_20170218_054500.wav,none,1.2470000000000003,-0.09000000000000002,0
PUMA_20170218_060000.wav,none,1.331,0.815,0
PUMA_20170218_061500.wav,none,1.159,0.485,0
PUMA_20170218_063000.wav,none,1.7129999999999999,0.32499999999999996,0
PUMA_20170218_064500.wav,none,1.108,0.295,0
PUMA_20170218_070000.wav,none,1.208,0.415,0
PUMA_20170218_071500.wav,none,1.0310000000000001,0.6699999999999999,0
PUMA_20170218_073000.wav,none,0.9350000000000002,1.125,0
PUMA_20170218_074500.wav,none,0.8940000000000001,1.8650000000000002,0
PUMA_20170218_080000.wav,none,0.9059999999999999,2.73,0
PUMA_20170219_054500.wav,none,1.177,3.365,0
PUMA_20170219_060000.wav,none,0.9399999999999998,5.130000000000001,0
PUMA_20170219_061500.wav,none,0.785,4.63,0
PUMA_20170219_063000.wav,none,1.7939999999999998,4.33,0
PUMA_20170219_064500.wav,none,1.2399999999999998,3.8999999999999995,0
PUMA_20170219_070000.wav,none,2.0789999999999997,3.02,0
PUMA_20170219_071500.wav,none,1.109,3.4050000000000002,0
PUMA_20170219_073000.wav,none,1.0879999999999999,3.54,0
PUMA_20170219_074500.wav,none,0.8110000000000002,4.57,0
PUMA_20170219_080000.wav,none,1.053,3.165,0
PUMA_20170220_054500.wav,none,2.5650000000000004,1.685,0
PUMA_20170220_060000.wav,none,1.7410000000000003,2.545,0
PUMA_20170220_061500.wav,none,1.4789999999999999,1.9649999999999999,0
PUMA_20170220_063000.wav,none,3.0800000000000005,1.63,0
PUMA_20170220_064500.wav,none,3.12,1.97,0
PUMA_20170220_070000.wav,none,1.766,2.035,0
PUMA_20170220_071500.wav,none,1.775,2.05,0
PUMA_20170220_073000.wav,none,0.9789999999999999,2.085,0
PUMA_20170220_074500.wav,none,3.4919999999999995,2.6500000000000004,0
PUMA_20170220_080000.wav,none,1.044,3.085,0
PUMA_20170224_054500.wav,none,1.374,2.26,0
PUMA_20170224_060000.wav,none,3.7909999999999995,4.405,0
PUMA_20170224_061500.wav,none,0.6279999999999999,5.109999999999999,0
PUMA_20170224_063000.wav,none,0.44799999999999995,2.855,0
PUMA_20170224_064500.wav,none,0.387,1.83,0
PUMA_20170224_070000.wav,none,0.274,2.075,0
PUMA_20170224_071500.wav,none,3.342,3.37,0
PUMA_20170224_073000.wav,none,0.492,5.29,0
PUMA_20170224_074500.wav,none,0.4699999999999999,2.05,0
PUMA_20170224_080000.wav,none,0.484,3.5199999999999996,0
PUMA_20170225_054500.wav,none,0.8969999999999999,0.044999999999999984,0
PUMA_20170225_060000.wav,none,0.875,0.255,0
PUMA_20170225_061500.wav,none,0.8290000000000001,0.375,0
PUMA_20170225_063000.wav,none,2.252,1.87,0
PUMA_20170225_064500.wav,none,0.7409999999999999,1.115,0
PUMA_20170225_070000.wav,none,1.8039999999999996,1.62,0
PUMA_20170225_071500.wav,none,0.842,1.855,0
PUMA_20170225_073000.wav,none,1.5100000000000002,1.635,0
PUMA_20170225_074500.wav,none,0.961,2.4299999999999997,0
PUMA_20170225_080000.wav,none,2.6199999999999997,2.085,0
PUMA_20170226_054500.wav,none,0.783,0.85,0
PUMA_20170226_060000.wav,none,1.04,0.575,0
PUMA_20170226_061500.wav,none,1.064,1.025,0
PUMA_20170226_063000.wav,none,1.027,-0.305,0
PUMA_20170226_064500.wav,none,1.004,-0.31,0
PUMA_20170226_070000.wav,none,0.9179999999999999,-0.185,0
PUMA_20170226_071500.wav,none,0.8949999999999999,-0.135,0
PUMA_20170226_073000.wav,none,0.8949999999999999,-0.07000000000000003,0
PUMA_20170226_074500.wav,none,0.9569999999999999,0.0050000000000000044,0
PUMA_20170226_080000.wav,none,0.9470000000000001,0.05499999999999999,0
