audiofile,detection,avg_titi_max_score,avg_howler_max_score,location,automated_detection,manual_detections
HARPIA_20130223_054500.wav,none,2.7920000000000003,-1.915,"1, -50",0,0
HARPIA_20130223_060000.wav,none,2.052,3.135,"1, -50",0,0
HARPIA_20130223_061500.wav,none,0.5559999999999999,4.735,"1, -50",0,0
HARPIA_20130223_063000.wav,none,0.8870000000000001,2.255,"1, -50",0,0
HARPIA_20130223_064500.wav,none,1.63,2.6,"1, -50",0,0
HARPIA_20130223_070000.wav,none,1.156,0.28500000000000003,"1, -50",0,0
HARPIA_20130223_071500.wav,none,1.3279999999999998,0.515,"1, -50",0,0
HARPIA_20130223_073000.wav,none,1.101,0.035,"1, -50",0,0
HARPIA_20130223_074500.wav,none,1.15,0.24999999999999997,"1, -50",0,0
HARPIA_20130223_080000.wav,none,1.287,0.41,"1, -50",0,0
HARPIA_20130224_054500.wav,none,1.1529999999999998,-0.05499999999999999,"1, -50",0,0
HARPIA_20130224_060000.wav,none,1.035,-0.21999999999999997,"1, -50",0,0
HARPIA_20130224_061500.wav,none,1.0799999999999998,-0.21,"1, -50",0,0
HARPIA_20130224_063000.wav,none,1.026,-0.115,"1, -50",0,0
HARPIA_20130224_064500.wav,none,1.118,-0.045,"1, -50",0,0
HARPIA_20130224_070000.wav,none,1.016,0.61,"1, -50",0,0
HARPIA_20130224_071500.wav,none,1.0450000000000002,0.245,"1, -50",0,0
HARPIA_20130224_073000.wav,none,1.048,1.0950000000000002,"1, -50",0,0
HARPIA_20130224_074500.wav,none,0.903,1.61,"1, -50",0,0
HARPIA_20130224_080000.wav,none,2.236,0.935,"1, -50",0,0
HARPIA_20130225_054500.wav,none,1.353,3.04,"1, -50",0,0
HARPIA_20130225_060000.wav,none,1.539,7.199999999999999,"1, -50",0,0
HARPIA_20130225_061500.wav,none,-0.22200000000000003,6.5649999999999995,"1, -50",0,0
HARPIA_20130225_063000.wav,none,1.0039999999999998,1.355,"1, -50",0,0
HARPIA_20130225_064500.wav,none,1.261,2.52,"1, -50",0,0
HARPIA_20130225_070000.wav,none,2.5460000000000003,2.52,"1, -50",0,0
HARPIA_20130225_071500.wav,none,0.961,3.045,"1, -50",0,0
HARPIA_20130225_073000.wav,none,2.618,3.19,"1, -50",0,0
HARPIA_20130225_074500.wav,none,1.544,3.225,"1, -50",0,0
HARPIA_20130225_080000.wav,none,3.528,3.04,"1, -50",0,0
HARPIA_20130226_054500.wav,none,1.4289999999999998,0.875,"1, -50",0,0
HARPIA_20130226_060000.wav,none,0.873,2.29,"1, -50",0,0
HARPIA_20130226_061500.wav,none,0.899,1.89,"1, -50",0,0
HARPIA_20130226_063000.wav,none,1.646,2.165,"1, -50",0,0
HARPIA_20130226_064500.wav,none,1.966,1.675,"1, -50",0,0
HARPIA_20130226_070000.wav,none,1.5699999999999998,1.225,"1, -50",0,0
HARPIA_20130226_071500.wav,none,1.204,2.3600000000000003,"1, -50",0,0
HARPIA_20130226_073000.wav,none,1.015,-0.155,"1, -50",0,0
HARPIA_20130226_074500.wav,none,1.027,-0.2,"1, -50",0,0
HARPIA_20130226_080000.wav,none,1.1889999999999998,0.625,"1, -50",0,0
HARPIA_20130227_054500.wav,none,1.284,0.27,"1, -50",0,0
HARPIA_20130227_060000.wav,none,2.1789999999999994,1.335,"1, -50",0,0
HARPIA_20130227_061500.wav,none,0.405,2.405,"1, -50",0,0
HARPIA_20130227_063000.wav,none,1.5779999999999998,2.1399999999999997,"1, -50",0,0
HARPIA_20130227_064500.wav,none,1.057,2.05,"1, -50",0,0
HARPIA_20130227_070000.wav,none,0.849,0.28500000000000003,"1, -50",0,0
HARPIA_20130227_071500.wav,none,0.8220000000000001,0.115,"1, -50",0,0
HARPIA_20130227_073000.wav,none,1.954,0.085,"1, -50",0,0
HARPIA_20130227_074500.wav,none,0.8879999999999999,0.49,"1, -50",0,0
HARPIA_20130227_080000.wav,none,1.168,0.87,"1, -50",0,0
HARPIA_20130215_054500.wav,none,0.075,4.295,"4, 200",0,0
HARPIA_20130215_060000.wav,none,1.0470000000000002,6.24,"4, 200",0,0
HARPIA_20130215_061500.wav,none,2.647,5.885,"4, 200",0,0
HARPIA_20130215_063000.wav,none,0.8,3.91,"4, 200",0,0
HARPIA_20130215_064500.wav,none,0.611,5.135,"4, 200",0,0
HARPIA_20130215_070000.wav,none,1.125,4.075,"4, 200",0,0
HARPIA_20130215_071500.wav,none,1.095,0.22,"4, 200",0,0
HARPIA_20130215_073000.wav,none,1.057,2.41,"4, 200",0,0
HARPIA_20130215_074500.wav,none,1.246,0.7250000000000001,"4, 200",0,0
HARPIA_20130215_080000.wav,none,1.813,3.4350000000000005,"4, 200",0,0
HARPIA_20130216_054500.wav,none,0.8220000000000001,0.935,"4, 200",0,0
HARPIA_20130216_060000.wav,titi -- no howler,5.6240000000000006,2.1950000000000003,"4, 200",1,1
HARPIA_20130216_061500.wav,none,0.5820000000000001,1.77,"4, 200",0,0
HARPIA_20130216_063000.wav,none,0.687,2.405,"4, 200",0,0
HARPIA_20130216_064500.wav,none,1.35,1.44,"4, 200",0,0
HARPIA_20130216_070000.wav,none,1.0770000000000002,0.02499999999999999,"4, 200",0,0
HARPIA_20130216_071500.wav,none,1.08,0.005,"4, 200",0,0
HARPIA_20130216_073000.wav,none,1.07,-0.03,"4, 200",0,0
HARPIA_20130216_074500.wav,none,0.988,0.295,"4, 200",0,0
HARPIA_20130216_080000.wav,none,1.022,0.065,"4, 200",0,0
HARPIA_20130217_054500.wav,none,0.6619999999999999,1.885,"4, 200",0,0
HARPIA_20130217_060000.wav,none,0.532,2.33,"4, 200",0,0
HARPIA_20130217_061500.wav,none,0.5450000000000002,2.7300000000000004,"4, 200",0,0
HARPIA_20130217_063000.wav,none,0.724,2.785,"4, 200",0,0
HARPIA_20130217_064500.wav,none,0.678,2.71,"4, 200",0,0
HARPIA_20130217_070000.wav,none,2.9139999999999997,3.09,"4, 200",0,0
HARPIA_20130217_071500.wav,none,1.1309999999999998,1.945,"4, 200",0,0
HARPIA_20130217_073000.wav,none,0.8099999999999999,1.605,"4, 200",0,0
HARPIA_20130217_074500.wav,none,0.8809999999999999,1.805,"4, 200",0,0
HARPIA_20130217_080000.wav,none,1.883,2.595,"4, 200",0,0
HARPIA_20130218_054500.wav,none,1.0550000000000002,0,"4, 200",0,0
HARPIA_20130218_060000.wav,none,0.978,0.165,"4, 200",0,0
HARPIA_20130218_061500.wav,none,0.9680000000000002,0.31,"4, 200",0,0
HARPIA_20130218_063000.wav,none,0.9560000000000002,0.38,"4, 200",0,0
HARPIA_20130218_064500.wav,none,1.831,-0.04499999999999998,"4, 200",0,0
HARPIA_20130218_070000.wav,none,2.567,0.29,"4, 200",0,0
HARPIA_20130218_071500.wav,none,1.234,0.37,"4, 200",0,0
HARPIA_20130218_073000.wav,none,1.567,0.47,"4, 200",0,0
HARPIA_20130218_074500.wav,none,1.592,0.81,"4, 200",0,0
HARPIA_20130218_080000.wav,none,1.022,1.225,"4, 200",0,0
HARPIA_20130219_054500.wav,none,1.4779999999999998,1.5499999999999998,"4, 200",0,0
HARPIA_20130219_060000.wav,titi -- no howler,4.866999999999999,1.825,"4, 200",1,1
HARPIA_20130219_061500.wav,none,0.563,2.0549999999999997,"4, 200",0,0
HARPIA_20130219_063000.wav,none,0.6789999999999999,1.715,"4, 200",0,0
HARPIA_20130219_064500.wav,none,0.792,2.085,"4, 200",0,0
HARPIA_20130219_070000.wav,none,0.8029999999999999,1.3,"4, 200",0,0
HARPIA_20130219_071500.wav,none,1.121,1.3050000000000002,"4, 200",0,0
HARPIA_20130219_073000.wav,none,1.029,0.105,"4, 200",0,0
HARPIA_20130219_074500.wav,none,1.0219999999999998,0.125,"4, 200",0,0
HARPIA_20130219_080000.wav,none,0.997,0.12,"4, 200",0,0
HARPIA_20130220_054500.wav,none,1.086,0.08499999999999999,"4, 200",0,0
HARPIA_20130220_060000.wav,none,0.9920000000000002,0.125,"4, 200",0,0
HARPIA_20130220_061500.wav,none,1.005,0.145,"4, 200",0,0
HARPIA_20130220_063000.wav,none,1.046,0.15500000000000003,"4, 200",0,0
HARPIA_20130220_064500.wav,none,0.977,0.06999999999999999,"4, 200",0,0
HARPIA_20130220_070000.wav,none,1.078,0.23,"4, 200",0,0
HARPIA_20130220_071500.wav,none,1.091,0.255,"4, 200",0,0
HARPIA_20130220_073000.wav,none,1.016,0.2,"4, 200",0,0
HARPIA_20130220_074500.wav,none,0.994,0.185,"4, 200",0,0
HARPIA_20130220_080000.wav,none,1.0559999999999998,0.305,"4, 200",0,0
HARPIA_20130221_054500.wav,none,1.014,0.155,"4, 200",0,0
HARPIA_20130221_060000.wav,none,1.723,0.445,"4, 200",0,0
HARPIA_20130221_061500.wav,none,0.935,0.755,"4, 200",0,0
HARPIA_20130221_063000.wav,none,1.006,0.3,"4, 200",0,0
HARPIA_20130221_064500.wav,none,1.021,0.165,"4, 200",0,0
HARPIA_20130221_070000.wav,none,1.052,-0.045,"4, 200",0,0
HARPIA_20130221_071500.wav,none,1.033,0.09,"4, 200",0,0
HARPIA_20130221_073000.wav,none,1.654,0.52,"4, 200",0,0
HARPIA_20130221_074500.wav,none,1.045,1.115,"4, 200",0,0
HARPIA_20130221_080000.wav,none,1.39,0.335,"4, 200",0,0
HARPIA_20130222_054500.wav,titi -- no howler,4.441,1.0750000000000002,"4, 200",1,0
HARPIA_20130222_060000.wav,none,1.6649999999999998,0.955,"4, 200",0,1
HARPIA_20130222_061500.wav,none,0.6519999999999999,1.235,"4, 200",0,0
HARPIA_20130222_063000.wav,none,0.859,1.395,"4, 200",0,0
HARPIA_20130222_064500.wav,none,1.53,0.81,"4, 200",0,0
HARPIA_20130222_070000.wav,none,1.2520000000000002,0.885,"4, 200",0,0
HARPIA_20130222_071500.wav,none,1.296,0.875,"4, 200",0,0
HARPIA_20130222_073000.wav,none,1.483,3.63,"4, 200",0,0
HARPIA_20130222_074500.wav,none,1.761,0.935,"4, 200",0,0
HARPIA_20130222_080000.wav,none,2.929,1.465,"4, 200",0,0
HARPIA_20130213_054500.wav,none,0.937,2.695,"5, 800",0,0
HARPIA_20130213_060000.wav,none,0.607,5.7,"5, 800",0,0
HARPIA_20130213_061500.wav,none,0.308,4.025,"5, 800",0,0
HARPIA_20130213_063000.wav,none,0.8310000000000001,3.35,"5, 800",0,0
HARPIA_20130213_064500.wav,none,0.6399999999999999,3.3600000000000003,"5, 800",0,0
HARPIA_20130213_070000.wav,none,0.7790000000000001,2.8600000000000003,"5, 800",0,0
HARPIA_20130213_071500.wav,none,0.6989999999999998,3.14,"5, 800",0,0
HARPIA_20130213_073000.wav,none,0.65,2.575,"5, 800",0,0
HARPIA_20130213_074500.wav,none,0.807,2.18,"5, 800",0,0
HARPIA_20130213_080000.wav,none,0.48,2.815,"5, 800",0,0
HARPIA_20130214_054500.wav,none,0.9600000000000002,4.84,"5, 800",0,0
HARPIA_20130214_060000.wav,none,0.5650000000000001,5.050000000000001,"5, 800",0,0
HARPIA_20130214_061500.wav,none,-0.5199999999999999,4.5,"5, 800",0,0
HARPIA_20130214_063000.wav,none,0.04599999999999998,3.42,"5, 800",0,0
HARPIA_20130214_064500.wav,none,-0.019,4.1899999999999995,"5, 800",0,0
HARPIA_20130214_070000.wav,none,0.29,3.715,"5, 800",0,0
HARPIA_20130214_071500.wav,none,0.4600000000000001,3.13,"5, 800",0,0
HARPIA_20130214_073000.wav,none,0.339,3.635,"5, 800",0,0
HARPIA_20130214_074500.wav,none,0.25,2.9299999999999997,"5, 800",0,0
HARPIA_20130214_080000.wav,none,1.041,3.810000000000001,"5, 800",0,0
HARPIA_20130210_054500.wav,none,0.7849999999999999,3.2750000000000004,"7, 400",0,1
HARPIA_20130210_060000.wav,none,-0.4300000000000001,4.545,"7, 400",0,0
HARPIA_20130210_061500.wav,none,-1.002,7.285,"7, 400",0,0
HARPIA_20130210_063000.wav,none,-1.775,5.125,"7, 400",0,0
HARPIA_20130210_064500.wav,none,2.123,4.685,"7, 400",0,0
HARPIA_20130210_070000.wav,none,0.02099999999999998,3.13,"7, 400",0,0
HARPIA_20130210_071500.wav,none,1.118,3.145,"7, 400",0,0
HARPIA_20130210_073000.wav,titi -- no howler,4.13,3.005,"7, 400",1,0
HARPIA_20130210_074500.wav,none,2.0620000000000003,2.755,"7, 400",0,0
HARPIA_20130210_080000.wav,none,-0.02500000000000001,3.15,"7, 400",0,0
HARPIA_20130208_054500.wav,none,0.48,8.095,"7, 400",0,0
HARPIA_20130208_060000.wav,none,-0.24800000000000005,6.42,"7, 400",0,0
HARPIA_20130208_061500.wav,none,0.115,5.734999999999999,"7, 400",0,0
HARPIA_20130208_063000.wav,none,1.588,3.79,"7, 400",0,0
HARPIA_20130208_064500.wav,none,2.305,3.89,"7, 400",0,1
HARPIA_20130208_070000.wav,none,1.97,3.535,"7, 400",0,1
HARPIA_20130208_071500.wav,none,3.139,3.64,"7, 400",0,0
HARPIA_20130208_073000.wav,none,1.578,4.555,"7, 400",0,0
HARPIA_20130208_074500.wav,none,1.529,4.22,"7, 400",0,0
HARPIA_20130208_080000.wav,none,2.5769999999999995,3.29,"7, 400",0,1
HARPIA_20130209_054500.wav,none,-0.05699999999999999,5.96,"7, 400",0,0
HARPIA_20130209_060000.wav,none,0.07500000000000001,4.97,"7, 400",0,0
HARPIA_20130209_061500.wav,none,0.037,1.32,"7, 400",0,0
HARPIA_20130209_063000.wav,none,-0.002,1.275,"7, 400",0,0
HARPIA_20130209_064500.wav,none,-0.11499999999999996,1.665,"7, 400",0,0
HARPIA_20130209_070000.wav,none,-0.095,1.59,"7, 400",0,0
HARPIA_20130209_071500.wav,none,0.01399999999999999,1.68,"7, 400",0,0
HARPIA_20130209_073000.wav,none,-0.085,1.385,"7, 400",0,0
HARPIA_20130209_074500.wav,none,-0.152,1.54,"7, 400",0,0
HARPIA_20130209_080000.wav,none,-0.12199999999999996,1.7799999999999998,"7, 400",0,0
HARPIA_20130211_054500.wav,none,0.9260000000000002,2.135,"8, 600",0,0
HARPIA_20130211_060000.wav,none,0.937,2.87,"8, 600",0,0
HARPIA_20130211_061500.wav,none,0.8949999999999999,1.135,"8, 600",0,0
HARPIA_20130211_063000.wav,none,0.963,1.725,"8, 600",0,0
HARPIA_20130211_064500.wav,none,0.989,0.765,"8, 600",0,0
HARPIA_20130211_070000.wav,none,0.9419999999999998,1.25,"8, 600",0,0
HARPIA_20130211_071500.wav,none,1.1030000000000002,1.125,"8, 600",0,0
HARPIA_20130211_073000.wav,none,0.883,1.345,"8, 600",0,0
HARPIA_20130211_074500.wav,none,1.174,1.145,"8, 600",0,0
HARPIA_20130211_080000.wav,none,1.014,1.715,"8, 600",0,0
HARPIA_20130212_054500.wav,none,0.7529999999999999,3.375,"8, 600",0,0
HARPIA_20130212_060000.wav,none,-0.01099999999999999,4.015,"8, 600",0,0
HARPIA_20130212_061500.wav,none,0.43,3.82,"8, 600",0,0
HARPIA_20130212_063000.wav,none,0.368,3.275,"8, 600",0,0
HARPIA_20130212_064500.wav,none,0.5769999999999998,3.105,"8, 600",0,0
HARPIA_20130212_070000.wav,none,0.403,4.245,"8, 600",0,0
HARPIA_20130212_071500.wav,none,0.7140000000000001,4.065,"8, 600",0,0
HARPIA_20130212_073000.wav,none,2.6700000000000004,3.85,"8, 600",0,0
HARPIA_20130212_074500.wav,none,0.995,2.995,"8, 600",0,0
HARPIA_20130212_080000.wav,none,2.7220000000000004,3.21,"8, 600",0,0
HARPIA_20140206_054500.wav,none,1.768,3.28,"4, 200",0,0
HARPIA_20140206_060000.wav,none,0.285,7.195,"4, 200",0,0
HARPIA_20140206_061500.wav,none,0.394,5.65,"4, 200",0,0
HARPIA_20140206_063000.wav,none,0.851,6.15,"4, 200",0,0
HARPIA_20140206_064500.wav,none,1.3530000000000002,6.785,"4, 200",0,0
HARPIA_20140206_070000.wav,none,1.855,5.25,"4, 200",0,0
HARPIA_20140206_071500.wav,none,1.937,6.65,"4, 200",0,0
HARPIA_20140206_073000.wav,none,1.489,5.46,"4, 200",0,0
HARPIA_20140206_074500.wav,none,1.6330000000000002,3.995,"4, 200",0,0
HARPIA_20140206_080000.wav,none,1.711,7.08,"4, 200",0,0
HARPIA_20140207_054500.wav,none,1.825,8.615,"4, 200",0,0
HARPIA_20140207_060000.wav,none,0.174,9.11,"4, 200",0,0
HARPIA_20140207_061500.wav,none,0.237,7.140000000000001,"4, 200",0,0
HARPIA_20140207_063000.wav,none,2.332,4.495,"4, 200",0,0
HARPIA_20140207_064500.wav,none,3.01,5.225,"4, 200",0,0
HARPIA_20140207_070000.wav,none,1.9599999999999995,4.32,"4, 200",0,0
HARPIA_20140207_071500.wav,none,1.9680000000000004,8.115,"4, 200",0,0
HARPIA_20140207_073000.wav,none,1.709,7.52,"4, 200",0,0
HARPIA_20140207_074500.wav,none,0.897,3.72,"4, 200",0,0
HARPIA_20140207_080000.wav,none,0.948,3.46,"4, 200",0,0
HARPIA_20140208_054500.wav,none,3.139,2.45,"4, 200",0,0
HARPIA_20140208_060000.wav,none,1.229,5.785,"4, 200",0,0
HARPIA_20140208_061500.wav,none,0.986,0.45,"4, 200",0,0
HARPIA_20140208_063000.wav,none,0.97,0.225,"4, 200",0,0
HARPIA_20140208_064500.wav,none,1.099,0.635,"4, 200",0,0
HARPIA_20140208_070000.wav,none,0.904,0.825,"4, 200",0,0
HARPIA_20140208_071500.wav,none,0.8770000000000001,0.82,"4, 200",0,0
HARPIA_20140208_073000.wav,none,1.055,1.5299999999999998,"4, 200",0,0
HARPIA_20140208_074500.wav,none,1.1209999999999998,0.18999999999999995,"4, 200",0,0
HARPIA_20140208_080000.wav,none,0.908,0.26,"4, 200",0,0
HARPIA_20140209_054500.wav,none,4.028999999999999,6.375,"4, 200",0,0
HARPIA_20140209_060000.wav,none,0.34500000000000003,7.725,"4, 200",0,0
HARPIA_20140209_061500.wav,none,-0.212,8.57,"4, 200",0,0
HARPIA_20140209_063000.wav,none,0.7129999999999999,8.42,"4, 200",0,0
HARPIA_20140209_064500.wav,none,0.43899999999999995,3.825,"4, 200",0,0
HARPIA_20140209_070000.wav,none,0.6649999999999999,7.565,"4, 200",0,0
HARPIA_20140209_071500.wav,none,2.2159999999999997,2.92,"4, 200",0,0
HARPIA_20140209_073000.wav,none,0.7390000000000001,5.27,"4, 200",0,0
HARPIA_20140209_074500.wav,none,2.123,5.300000000000001,"4, 200",0,0
HARPIA_20140209_080000.wav,none,3.381,4.34,"4, 200",0,0
HARPIA_20140214_054500.wav,none,2.112,3.365,"4, 600",0,0
HARPIA_20140214_060000.wav,none,0.3370000000000001,9.305,"4, 600",0,0
HARPIA_20140214_061500.wav,none,2.39,8.59,"4, 600",0,0
HARPIA_20140214_063000.wav,none,1.9170000000000005,6.970000000000001,"4, 600",0,0
HARPIA_20140214_064500.wav,none,0.8759999999999998,4.76,"4, 600",0,0
HARPIA_20140214_070000.wav,none,0.418,3.98,"4, 600",0,0
HARPIA_20140214_071500.wav,none,1.915,3.105,"4, 600",0,0
HARPIA_20140214_073000.wav,none,2.546,7.76,"4, 600",0,0
HARPIA_20140214_074500.wav,none,3.3329999999999997,7.745,"4, 600",0,0
HARPIA_20140214_080000.wav,none,3.5260000000000007,4.574999999999999,"4, 600",0,0
HARPIA_20140215_054500.wav,none,1.033,2.715,"4, 600",0,0
HARPIA_20140215_060000.wav,none,6.917,11.52,"4, 600",0,0
HARPIA_20140215_061500.wav,none,0.563,4.92,"4, 600",0,0
HARPIA_20140215_063000.wav,none,2.3440000000000003,3.23,"4, 600",0,0
HARPIA_20140215_064500.wav,none,1.066,3.16,"4, 600",0,0
HARPIA_20140215_070000.wav,none,0.868,2.835,"4, 600",0,0
HARPIA_20140215_071500.wav,none,1.4600000000000002,2.5,"4, 600",0,0
HARPIA_20140215_073000.wav,none,1.09,3.22,"4, 600",0,0
HARPIA_20140215_074500.wav,none,2.82,2.76,"4, 600",0,0
HARPIA_20140215_080000.wav,none,0.9760000000000002,2.895,"4, 600",0,0
HARPIA_20140210_054500.wav,none,1.371,0.56,"7, 400",0,0
HARPIA_20140210_060000.wav,none,1.6869999999999998,0.41,"7, 400",0,0
HARPIA_20140210_061500.wav,none,1.4290000000000005,0.515,"7, 400",0,0
HARPIA_20140210_063000.wav,none,1.3930000000000002,0.00499999999999999,"7, 400",0,0
HARPIA_20140210_064500.wav,none,1.3880000000000003,0.11,"7, 400",0,0
HARPIA_20140210_070000.wav,none,1.32,0.42,"7, 400",0,0
HARPIA_20140210_071500.wav,none,1.584,0.01999999999999999,"7, 400",0,0
HARPIA_20140210_073000.wav,none,1.34,0.33999999999999997,"7, 400",0,0
HARPIA_20140210_074500.wav,none,1.369,0.08499999999999999,"7, 400",0,0
HARPIA_20140210_080000.wav,none,1.705,0.09000000000000001,"7, 400",0,0
HARPIA_20140211_054500.wav,none,1.391,0.21,"7, 400",0,0
HARPIA_20140211_060000.wav,none,1.277,4.775,"7, 400",0,0
HARPIA_20140211_061500.wav,none,1.3279999999999998,2.82,"7, 400",0,0
HARPIA_20140211_063000.wav,none,1.895,0.465,"7, 400",0,0
HARPIA_20140211_064500.wav,none,1.382,0.995,"7, 400",0,0
HARPIA_20140211_070000.wav,none,1.3190000000000002,0.925,"7, 400",0,0
HARPIA_20140211_071500.wav,none,1.281,0.915,"7, 400",0,0
HARPIA_20140211_073000.wav,none,1.289,1.085,"7, 400",0,0
HARPIA_20140211_074500.wav,none,1.1929999999999998,1.21,"7, 400",0,0
HARPIA_20140211_080000.wav,none,1.326,1.285,"7, 400",0,0
HARPIA_20140212_054500.wav,none,2.024,1.145,"7, 400",0,0
HARPIA_20140212_060000.wav,none,1.044,5.24,"7, 400",0,0
HARPIA_20140212_061500.wav,none,0.91,6.105,"7, 400",0,0
HARPIA_20140212_063000.wav,none,1.0559999999999998,3.3,"7, 400",0,0
HARPIA_20140212_064500.wav,none,1.093,2.365,"7, 400",0,0
HARPIA_20140212_070000.wav,none,1.155,1.815,"7, 400",0,0
HARPIA_20140212_071500.wav,none,1.166,2.915,"7, 400",0,0
HARPIA_20140212_073000.wav,none,1.083,2.2,"7, 400",0,0
HARPIA_20140212_074500.wav,none,1.023,2.62,"7, 400",0,0
HARPIA_20140212_080000.wav,none,2.445,2.815,"7, 400",0,0
HARPIA_20140213_054500.wav,none,0.9409999999999998,4.615,"7, 400",0,0
HARPIA_20140213_060000.wav,none,4.4079999999999995,9.545,"7, 400",0,0
HARPIA_20140213_061500.wav,none,0.5250000000000001,6.645,"7, 400",0,0
HARPIA_20140213_063000.wav,none,0.7510000000000001,4.385,"7, 400",0,0
HARPIA_20140213_064500.wav,none,0.7709999999999999,4.645,"7, 400",0,0
HARPIA_20140213_070000.wav,none,1.0990000000000002,4.32,"7, 400",0,0
HARPIA_20140213_071500.wav,none,1.73,3.85,"7, 400",0,0
HARPIA_20140213_073000.wav,none,2.2749999999999995,4.54,"7, 400",0,0
HARPIA_20140213_074500.wav,none,1.332,4.595,"7, 400",0,0
HARPIA_20140213_080000.wav,none,2.023,5.9399999999999995,"7, 400",0,0
HARPIA_20140204_054500.wav,none,0.7869999999999999,3.985,"9, -50",0,0
HARPIA_20140204_060000.wav,none,0.6380000000000001,5.215,"9, -50",0,0
HARPIA_20140204_061500.wav,none,2.968,8.51,"9, -50",0,0
HARPIA_20140204_063000.wav,none,0.33599999999999997,4.54,"9, -50",0,0
HARPIA_20140204_064500.wav,none,0.49499999999999994,2.97,"9, -50",0,0
HARPIA_20140204_070000.wav,none,0.526,3.285,"9, -50",0,0
HARPIA_20140204_071500.wav,none,0.752,4.14,"9, -50",0,0
HARPIA_20140204_073000.wav,none,0.368,4.035,"9, -50",0,0
HARPIA_20140204_074500.wav,none,0.479,3.2649999999999997,"9, -50",0,0
HARPIA_20140204_080000.wav,none,-0.00299999999999998,3.995,"9, -50",0,0
HARPIA_20140205_054500.wav,none,2.215,2.01,"9, -50",0,0
HARPIA_20140205_060000.wav,none,0.347,8.035,"9, -50",0,0
HARPIA_20140205_061500.wav,none,0.66,8.01,"9, -50",0,0
HARPIA_20140205_063000.wav,none,0.373,7.130000000000001,"9, -50",0,0
HARPIA_20140205_064500.wav,none,1.6149999999999998,7.619999999999999,"9, -50",0,0
HARPIA_20140205_070000.wav,none,1.028,5.04,"9, -50",0,0
HARPIA_20140205_071500.wav,none,0.10799999999999998,5.3149999999999995,"9, -50",0,0
HARPIA_20140205_073000.wav,none,0.29900000000000004,4.175,"9, -50",0,0
HARPIA_20140205_074500.wav,none,0.294,4.52,"9, -50",0,0
HARPIA_20140205_080000.wav,none,0.48,5.41,"9, -50",0,0
HARPIA_20140216_054500.wav,none,-0.15500000000000003,3.64,"9, 800",0,0
HARPIA_20140216_060000.wav,none,2.349,10.83,"9, 800",0,0
HARPIA_20140216_061500.wav,none,0.792,8.645,"9, 800",0,0
HARPIA_20140216_063000.wav,none,0.242,4.155,"9, 800",0,0
HARPIA_20140216_064500.wav,none,0.3670000000000001,3.625,"9, 800",0,0
HARPIA_20140216_070000.wav,none,0.6440000000000001,3.04,"9, 800",0,0
HARPIA_20140216_071500.wav,none,0.999,3.715,"9, 800",0,0
HARPIA_20140216_073000.wav,none,1.812,3.45,"9, 800",0,0
HARPIA_20140216_074500.wav,none,1.232,3.345,"9, 800",0,0
HARPIA_20140216_080000.wav,none,1.6060000000000003,3.845,"9, 800",0,0
HARPIA_20140217_054500.wav,none,0.109,5.15,"9, 800",0,0
HARPIA_20140217_060000.wav,none,-0.08,6.42,"9, 800",0,0
HARPIA_20140217_061500.wav,none,2.294,5.855,"9, 800",0,0
HARPIA_20140217_063000.wav,none,2.7139999999999995,4.3,"9, 800",0,0
HARPIA_20140217_064500.wav,none,1.701,3.455,"9, 800",0,0
HARPIA_20140217_070000.wav,none,2.956,3.115,"9, 800",0,0
HARPIA_20140217_071500.wav,none,-0.08400000000000002,2.96,"9, 800",0,0
HARPIA_20140217_073000.wav,none,0.01600000000000001,4.63,"9, 800",0,0
HARPIA_20140217_074500.wav,none,0.128,3.545,"9, 800",0,0
HARPIA_20140217_080000.wav,none,0.21699999999999992,4.07,"9, 800",0,0
HARPIA_20150217_054500.wav,none,-0.06099999999999998,5.07,"1, 800",0,0
HARPIA_20150217_060000.wav,none,-0.21600000000000005,8.68,"1, 800",0,0
HARPIA_20150217_061500.wav,none,0.09,5.35,"1, 800",0,1
HARPIA_20150217_063000.wav,none,0.254,5.955,"1, 800",0,0
HARPIA_20150217_064500.wav,none,0.5400000000000001,2.6500000000000004,"1, 800",0,0
HARPIA_20150217_070000.wav,none,1.456,2.8,"1, 800",0,0
HARPIA_20150217_071500.wav,none,2.615,3.785,"1, 800",0,0
HARPIA_20150217_073000.wav,none,0.3690000000000001,3.115,"1, 800",0,0
HARPIA_20150217_074500.wav,none,1.296,2.6500000000000004,"1, 800",0,0
HARPIA_20150217_080000.wav,none,0.47,3.04,"1, 800",0,0
HARPIA_20150218_054500.wav,none,-0.38300000000000006,4.67,"1, 800",0,0
HARPIA_20150218_060000.wav,none,0.5039999999999999,6.725,"1, 800",0,0
HARPIA_20150218_061500.wav,none,0.081,7.29,"1, 800",0,0
HARPIA_20150218_063000.wav,none,0.5630000000000001,4.945,"1, 800",0,0
HARPIA_20150218_064500.wav,none,3.274,5.43,"1, 800",0,0
HARPIA_20150218_070000.wav,none,2.711,7.225,"1, 800",0,0
HARPIA_20150218_071500.wav,none,2.2649999999999997,7.49,"1, 800",0,0
HARPIA_20150218_073000.wav,none,4.795,7.3,"1, 800",0,0
HARPIA_20150218_074500.wav,none,1.4500000000000004,3.68,"1, 800",0,0
HARPIA_20150218_080000.wav,none,2.4160000000000004,5.4,"1, 800",0,0
HARPIA_20150210_054500.wav,none,0.506,2.9299999999999997,"10, 200",0,0
HARPIA_20150210_060000.wav,none,0.181,3.78,"10, 200",0,0
HARPIA_20150210_061500.wav,none,0.003,3.825,"10, 200",0,0
HARPIA_20150210_063000.wav,none,0.8769999999999998,3.215,"10, 200",0,0
HARPIA_20150210_064500.wav,none,0.33599999999999997,2.78,"10, 200",0,0
HARPIA_20150210_070000.wav,none,0.27199999999999996,4.17,"10, 200",0,0
HARPIA_20150210_071500.wav,none,0.6540000000000001,4.125,"10, 200",0,0
HARPIA_20150210_073000.wav,none,0.57,2.99,"10, 200",0,0
HARPIA_20150210_074500.wav,none,0.442,2.855,"10, 200",0,0
HARPIA_20150210_080000.wav,none,0.31,3.67,"10, 200",0,0
HARPIA_20150211_054500.wav,none,0.8789999999999999,3.04,"10, 200",0,0
HARPIA_20150211_060000.wav,none,0.866,1.78,"10, 200",0,0
HARPIA_20150211_061500.wav,none,0.8250000000000002,1.155,"10, 200",0,0
HARPIA_20150211_063000.wav,none,0.844,0.33999999999999997,"10, 200",0,0
HARPIA_20150211_064500.wav,none,0.8889999999999999,0.55,"10, 200",0,0
HARPIA_20150211_070000.wav,none,0.907,0.48,"10, 200",0,0
HARPIA_20150211_071500.wav,none,0.852,0.66,"10, 200",0,0
HARPIA_20150211_073000.wav,none,0.8400000000000001,0.675,"10, 200",0,0
HARPIA_20150211_074500.wav,none,0.8140000000000001,0.775,"10, 200",0,0
HARPIA_20150211_080000.wav,none,0.8089999999999999,7.83,"10, 200",0,0
HARPIA_20150212_054500.wav,none,1.034,2.925,"10, 200",0,0
HARPIA_20150212_060000.wav,none,2.021,6.154999999999999,"10, 200",0,0
HARPIA_20150212_061500.wav,none,1.337,5.210000000000001,"10, 200",0,0
HARPIA_20150212_063000.wav,none,1.448,4.155,"10, 200",0,0
HARPIA_20150212_064500.wav,none,0.9360000000000002,3.17,"10, 200",0,0
HARPIA_20150212_070000.wav,none,0.8990000000000002,3.4000000000000004,"10, 200",0,0
HARPIA_20150212_071500.wav,none,0.795,2.59,"10, 200",0,0
HARPIA_20150212_073000.wav,none,0.974,2.785,"10, 200",0,0
HARPIA_20150212_074500.wav,none,0.798,3.42,"10, 200",0,0
HARPIA_20150212_080000.wav,none,0.208,2.485,"10, 200",0,0
HARPIA_20150209_054500.wav,none,0.997,0.29000000000000004,"10, 200",0,0
HARPIA_20150209_060000.wav,none,0.8870000000000001,0.555,"10, 200",0,0
HARPIA_20150209_061500.wav,none,0.8699999999999999,0.595,"10, 200",0,0
HARPIA_20150209_063000.wav,none,0.906,0.14,"10, 200",0,0
HARPIA_20150209_064500.wav,none,0.9689999999999998,0.07999999999999999,"10, 200",0,0
HARPIA_20150209_070000.wav,none,0.954,0.22500000000000003,"10, 200",0,0
HARPIA_20150209_071500.wav,none,0.938,0.15,"10, 200",0,0
HARPIA_20150209_073000.wav,none,0.956,0.19,"10, 200",0,0
HARPIA_20150209_074500.wav,none,0.929,0.225,"10, 200",0,0
HARPIA_20150209_080000.wav,none,0.955,0.73,"10, 200",0,0
HARPIA_20150215_054500.wav,none,2.103,0.7,"2, 600",0,0
HARPIA_20150215_060000.wav,none,1.235,0.855,"2, 600",0,0
HARPIA_20150215_061500.wav,none,1.4820000000000002,1.105,"2, 600",0,0
HARPIA_20150215_063000.wav,none,0.6719999999999999,1.07,"2, 600",0,0
HARPIA_20150215_064500.wav,none,1.018,0.8049999999999999,"2, 600",0,0
HARPIA_20150215_070000.wav,none,1.566,2.36,"2, 600",0,0
HARPIA_20150215_071500.wav,none,0.6019999999999999,1.61,"2, 600",0,0
HARPIA_20150215_073000.wav,none,0.978,1.65,"2, 600",0,0
HARPIA_20150215_074500.wav,none,1.03,1.58,"2, 600",0,0
HARPIA_20150215_080000.wav,none,1.116,1.575,"2, 600",0,0
HARPIA_20150216_054500.wav,none,1.177,3,"2, 600",0,0
HARPIA_20150216_060000.wav,none,1.185,4.195,"2, 600",0,0
HARPIA_20150216_061500.wav,none,1.083,2.045,"2, 600",0,0
HARPIA_20150216_063000.wav,none,0.8539999999999999,1.66,"2, 600",0,0
HARPIA_20150216_064500.wav,none,2.8259999999999996,1.4,"2, 600",0,0
HARPIA_20150216_070000.wav,none,1.076,1.805,"2, 600",0,0
HARPIA_20150216_071500.wav,none,0.6059999999999999,2.005,"2, 600",0,0
HARPIA_20150216_073000.wav,none,1.9479999999999995,2.42,"2, 600",0,0
HARPIA_20150216_074500.wav,none,1.1630000000000005,2.185,"2, 600",0,0
HARPIA_20150216_080000.wav,none,0.561,2.25,"2, 600",0,0
HARPIA_20150207_054500.wav,none,0.8300000000000001,7.79,"3, -50",0,0
HARPIA_20150207_060000.wav,none,0.7330000000000001,7.585000000000001,"3, -50",0,0
HARPIA_20150207_061500.wav,none,0.8539999999999999,8.02,"3, -50",0,0
HARPIA_20150207_063000.wav,none,0.8300000000000001,3.715,"3, -50",0,0
HARPIA_20150207_064500.wav,none,0.604,2.685,"3, -50",0,0
HARPIA_20150207_070000.wav,none,0.551,3.5549999999999997,"3, -50",0,0
HARPIA_20150207_071500.wav,none,2.758,3.66,"3, -50",0,0
HARPIA_20150207_073000.wav,none,0.766,2.79,"3, -50",0,0
HARPIA_20150207_074500.wav,none,0.956,3.805,"3, -50",0,0
HARPIA_20150207_080000.wav,none,0.362,3.87,"3, -50",0,0
HARPIA_20150208_054500.wav,none,0.915,3.405,"3, -50",0,0
HARPIA_20150208_060000.wav,none,4.385999999999999,7.83,"3, -50",0,0
HARPIA_20150208_061500.wav,none,3.061,5.1850000000000005,"3, -50",0,0
HARPIA_20150208_063000.wav,none,1.4300000000000002,6.550000000000001,"3, -50",0,0
HARPIA_20150208_064500.wav,none,3.709000000000001,4.055,"3, -50",0,0
HARPIA_20150208_070000.wav,none,1.1170000000000002,4.1850000000000005,"3, -50",0,0
HARPIA_20150208_071500.wav,titi -- yes howler,6.2219999999999995,5.205,"3, -50",1,1
HARPIA_20150208_073000.wav,titi -- yes howler,5.593,4.485,"3, -50",1,1
HARPIA_20150208_074500.wav,none,2.1990000000000003,5.52,"3, -50",0,0
HARPIA_20150208_080000.wav,none,1.029,3.72,"3, -50",0,0
HARPIA_20150213_054500.wav,none,0.5149999999999999,4.93,"7, 400",0,0
HARPIA_20150213_060000.wav,none,1.177,5.455,"7, 400",0,0
HARPIA_20150213_061500.wav,none,2.2700000000000005,5.220000000000001,"7, 400",0,0
HARPIA_20150213_063000.wav,none,0.385,3.94,"7, 400",0,0
HARPIA_20150213_064500.wav,none,1.0830000000000002,3.53,"7, 400",0,0
HARPIA_20150213_070000.wav,none,3.182,3.3,"7, 400",0,0
HARPIA_20150213_071500.wav,none,1.521,3.965,"7, 400",0,0
HARPIA_20150213_073000.wav,none,3.534,3.58,"7, 400",0,0
HARPIA_20150213_074500.wav,none,0.893,3.83,"7, 400",0,0
HARPIA_20150213_080000.wav,none,0.7420000000000001,4.07,"7, 400",0,0
HARPIA_20150214_054500.wav,none,0.7700000000000001,3.4299999999999997,"7, 400",0,0
HARPIA_20150214_060000.wav,none,0.683,5.63,"7, 400",0,0
HARPIA_20150214_061500.wav,none,1.034,5.835,"7, 400",0,0
HARPIA_20150214_063000.wav,none,1.021,4.85,"7, 400",0,0
HARPIA_20150214_064500.wav,none,1.28,3.51,"7, 400",0,0
HARPIA_20150214_070000.wav,none,1.499,2.9400000000000004,"7, 400",0,0
HARPIA_20150214_071500.wav,none,0.983,3.9,"7, 400",0,0
HARPIA_20150214_073000.wav,none,1.9229999999999996,2.205,"7, 400",0,0
HARPIA_20150214_074500.wav,none,1.689,0.1,"7, 400",0,0
HARPIA_20150214_080000.wav,none,2.373,0.415,"7, 400",0,0
HARPIA_20160126_054500.wav,none,0.7269999999999999,4.28,"1, -50",0,0
HARPIA_20160126_060000.wav,none,3.081,8.48,"1, -50",0,0
HARPIA_20160126_061500.wav,none,0.739,9.41,"1, -50",0,0
HARPIA_20160126_063000.wav,none,0.03299999999999999,7.46,"1, -50",0,0
HARPIA_20160126_064500.wav,none,0.962,6.415,"1, -50",0,0
HARPIA_20160126_070000.wav,none,0.6890000000000001,4.11,"1, -50",0,0
HARPIA_20160126_071500.wav,none,1.497,5.04,"1, -50",0,0
HARPIA_20160126_073000.wav,none,0.27899999999999997,7.04,"1, -50",0,0
HARPIA_20160126_074500.wav,none,-0.24400000000000005,4.525,"1, -50",0,0
HARPIA_20160126_080000.wav,none,0.482,4.51,"1, -50",0,0
HARPIA_20160127_054500.wav,none,0.553,9.995,"1, -50",0,1
HARPIA_20160127_060000.wav,none,4.029999999999999,9.88,"1, -50",0,0
HARPIA_20160127_061500.wav,none,0.928,7.415,"1, -50",0,0
HARPIA_20160127_063000.wav,titi -- yes howler,9.453,6.369999999999999,"1, -50",1,1
HARPIA_20160127_064500.wav,none,1.13,6.4399999999999995,"1, -50",0,0
HARPIA_20160127_070000.wav,none,0.225,3.325,"1, -50",0,0
HARPIA_20160127_071500.wav,none,0.4370000000000001,5.135,"1, -50",0,0
HARPIA_20160127_073000.wav,none,-0.053,4.359999999999999,"1, -50",0,0
HARPIA_20160127_074500.wav,none,0.122,3.595,"1, -50",0,0
HARPIA_20160127_080000.wav,none,0.195,3.83,"1, -50",0,0
HARPIA_20160203_054500.wav,none,2.075,7.7,"1, 800",0,0
HARPIA_20160203_060000.wav,none,-0.4469999999999999,5.960000000000001,"1, 800",0,0
HARPIA_20160203_061500.wav,none,-0.425,4.984999999999999,"1, 800",0,0
HARPIA_20160203_063000.wav,none,0.135,4.005,"1, 800",0,0
HARPIA_20160203_064500.wav,none,0.653,4.029999999999999,"1, 800",0,0
HARPIA_20160203_070000.wav,none,3.6680000000000006,2.865,"1, 800",0,1
HARPIA_20160203_071500.wav,none,2.232,4.015,"1, 800",0,1
HARPIA_20160203_073000.wav,none,0.462,4.904999999999999,"1, 800",0,0
HARPIA_20160203_074500.wav,none,0.819,3.35,"1, 800",0,0
HARPIA_20160203_080000.wav,none,1.499,2.655,"1, 800",0,0
HARPIA_20160204_054500.wav,none,3.264,10.96,"1, 800",0,0
HARPIA_20160204_060000.wav,none,1.831,11.105,"1, 800",0,0
HARPIA_20160204_061500.wav,none,0.7359999999999999,6.18,"1, 800",0,0
HARPIA_20160204_063000.wav,none,0.7739999999999999,2.935,"1, 800",0,0
HARPIA_20160204_064500.wav,none,1.3249999999999995,2.55,"1, 800",0,0
HARPIA_20160204_070000.wav,none,0.977,2.49,"1, 800",0,0
HARPIA_20160204_071500.wav,none,0.34600000000000003,3.145,"1, 800",0,0
HARPIA_20160204_073000.wav,titi -- yes howler,4.184,4.055,"1, 800",1,1
HARPIA_20160204_074500.wav,none,-0.059,2.57,"1, 800",0,0
HARPIA_20160204_080000.wav,none,1.129,5.805,"1, 800",0,0
HARPIA_20160130_054500.wav,none,1.66,4.185,"3, 400",0,0
HARPIA_20160130_060000.wav,none,2.444,8.83,"3, 400",0,0
HARPIA_20160130_061500.wav,none,2.478,7.435,"3, 400",0,0
HARPIA_20160130_063000.wav,none,1.007,3.95,"3, 400",0,0
HARPIA_20160130_064500.wav,none,0.8460000000000001,3.79,"3, 400",0,1
HARPIA_20160130_070000.wav,none,1.438,4.345000000000001,"3, 400",0,0
HARPIA_20160130_071500.wav,none,2.247,3.855,"3, 400",0,0
HARPIA_20160130_073000.wav,none,0.398,4.155,"3, 400",0,0
HARPIA_20160130_074500.wav,none,0.639,3.3,"3, 400",0,0
HARPIA_20160130_080000.wav,none,1.5610000000000002,3.17,"3, 400",0,0
HARPIA_20160131_054500.wav,none,1.226,6.965,"3, 400",0,0
HARPIA_20160131_060000.wav,none,0.43600000000000005,7.565,"3, 400",0,0
HARPIA_20160131_061500.wav,none,0.268,10.915,"3, 400",0,0
HARPIA_20160131_063000.wav,none,2.214,3.665,"3, 400",0,0
HARPIA_20160131_064500.wav,titi -- no howler,4.908,3.3,"3, 400",1,1
HARPIA_20160131_070000.wav,none,3.0449999999999995,3.1849999999999996,"3, 400",0,0
HARPIA_20160131_071500.wav,none,1.9650000000000003,3.385,"3, 400",0,0
HARPIA_20160131_073000.wav,none,2.083,2.84,"3, 400",0,0
HARPIA_20160131_074500.wav,none,2.9379999999999997,9.915,"3, 400",0,0
HARPIA_20160131_080000.wav,none,1.2200000000000002,2.91,"3, 400",0,0
HARPIA_20160128_054500.wav,none,-0.02900000000000001,4.345,"8, 200",0,0
HARPIA_20160128_060000.wav,none,0.5780000000000001,7.575000000000001,"8, 200",0,0
HARPIA_20160128_061500.wav,none,-0.273,6.9,"8, 200",0,0
HARPIA_20160128_063000.wav,none,3.568,4.5600000000000005,"8, 200",0,1
HARPIA_20160128_064500.wav,none,2.331,4.265000000000001,"8, 200",0,1
HARPIA_20160128_070000.wav,none,0.131,4.555,"8, 200",0,0
HARPIA_20160128_071500.wav,none,3.389,4.385,"8, 200",0,0
HARPIA_20160128_073000.wav,none,1.991,4.395,"8, 200",0,0
HARPIA_20160128_074500.wav,titi -- no howler,5.099,3.635,"8, 200",1,0
HARPIA_20160128_080000.wav,none,1.035,3.045,"8, 200",0,0
HARPIA_20160129_054500.wav,none,0.226,8.25,"8, 200",0,0
HARPIA_20160129_060000.wav,none,2.045,8.165,"8, 200",0,0
HARPIA_20160129_061500.wav,none,0.5740000000000001,5.359999999999999,"8, 200",0,0
HARPIA_20160129_063000.wav,none,1.195,5.135,"8, 200",0,0
HARPIA_20160129_064500.wav,none,0.21799999999999997,4.24,"8, 200",0,0
HARPIA_20160129_070000.wav,none,0.27,4.16,"8, 200",0,0
HARPIA_20160129_071500.wav,none,0.283,3.915,"8, 200",0,0
HARPIA_20160129_073000.wav,none,0.617,4.035,"8, 200",0,0
HARPIA_20160129_074500.wav,none,0.501,3.18,"8, 200",0,0
HARPIA_20160129_080000.wav,none,0.5239999999999999,3.71,"8, 200",0,0
HARPIA_20160201_054500.wav,none,-0.101,4.675,"8, 600",0,0
HARPIA_20160201_060000.wav,none,2.4259999999999997,9.965,"8, 600",0,0
HARPIA_20160201_061500.wav,none,3.5760000000000005,4.779999999999999,"8, 600",0,1
HARPIA_20160201_063000.wav,none,0.7240000000000001,4.28,"8, 600",0,0
HARPIA_20160201_064500.wav,none,0.5940000000000001,4.33,"8, 600",0,0
HARPIA_20160201_070000.wav,none,0.36499999999999994,4.31,"8, 600",0,0
HARPIA_20160201_071500.wav,none,0.7499999999999999,4.35,"8, 600",0,0
HARPIA_20160201_073000.wav,none,0.008,3.87,"8, 600",0,0
HARPIA_20160201_074500.wav,none,0.239,3.745,"8, 600",0,0
HARPIA_20160201_080000.wav,none,-0.126,3.995,"8, 600",0,0
HARPIA_20160202_054500.wav,none,6.7090000000000005,16.335,"8, 600",0,0
HARPIA_20160202_060000.wav,none,0.18599999999999997,7.630000000000001,"8, 600",0,0
HARPIA_20160202_061500.wav,none,6.520999999999999,12.965,"8, 600",0,0
HARPIA_20160202_063000.wav,none,0.5209999999999999,9.25,"8, 600",0,0
HARPIA_20160202_064500.wav,none,0.4429999999999999,3.525,"8, 600",0,0
HARPIA_20160202_070000.wav,none,2.028,12.605,"8, 600",0,0
HARPIA_20160202_071500.wav,none,1.951,2.8600000000000003,"8, 600",0,0
HARPIA_20160202_073000.wav,none,1.559,2.77,"8, 600",0,0
HARPIA_20160202_074500.wav,none,2.186,3.11,"8, 600",0,0
HARPIA_20160202_080000.wav,none,0.7550000000000001,2.88,"8, 600",0,0
HARPIA_20170212_054500.wav,none,0.30799999999999994,9.495,"1, -50",0,0
HARPIA_20170212_060000.wav,none,1.4029999999999998,8.709999999999999,"1, -50",0,0
HARPIA_20170212_061500.wav,none,0.147,9.235,"1, -50",0,0
HARPIA_20170212_063000.wav,none,1.149,4.8149999999999995,"1, -50",0,0
HARPIA_20170212_064500.wav,none,0.473,3.825,"1, -50",0,0
HARPIA_20170212_070000.wav,none,1.164,6.125,"1, -50",0,0
HARPIA_20170212_071500.wav,none,1.6789999999999998,3.895,"1, -50",0,0
HARPIA_20170212_073000.wav,none,0.8510000000000002,7.265000000000001,"1, -50",0,0
HARPIA_20170212_074500.wav,none,0.421,4.45,"1, -50",0,0
HARPIA_20170212_080000.wav,none,1.25,4.115,"1, -50",0,0
HARPIA_20170213_054500.wav,none,6.359,10.515,"1, -50",0,0
HARPIA_20170213_060000.wav,none,5.804,10.68,"1, -50",0,0
HARPIA_20170213_061500.wav,none,5.95,9.52,"1, -50",0,0
HARPIA_20170213_063000.wav,none,5.066000000000001,11.739999999999998,"1, -50",0,0
HARPIA_20170213_064500.wav,none,4.071,11.305,"1, -50",0,1
HARPIA_20170213_070000.wav,none,5.467,10.925,"1, -50",0,1
HARPIA_20170213_071500.wav,none,0.45500000000000007,4.445,"1, -50",0,1
HARPIA_20170213_073000.wav,none,0.221,4.7,"1, -50",0,0
HARPIA_20170213_074500.wav,none,0.30399999999999994,4.765,"1, -50",0,0
HARPIA_20170213_080000.wav,none,-0.426,5.1,"1, -50",0,0
HARPIA_20170217_054500.wav,none,0.319,2.5250000000000004,"1, 400",0,0
HARPIA_20170217_060000.wav,none,0.5740000000000001,5.890000000000001,"1, 400",0,0
HARPIA_20170217_061500.wav,none,0.045,5.13,"1, 400",0,0
HARPIA_20170217_063000.wav,none,0.11,3.485,"1, 400",0,0
HARPIA_20170217_064500.wav,none,0.226,4.07,"1, 400",0,0
HARPIA_20170217_070000.wav,none,2.9270000000000005,4.255,"1, 400",0,1
HARPIA_20170217_071500.wav,none,2.0490000000000004,4.15,"1, 400",0,1
HARPIA_20170217_073000.wav,none,1.455,1.89,"1, 400",0,0
HARPIA_20170217_074500.wav,none,1.227,2.18,"1, 400",0,0
HARPIA_20170217_080000.wav,none,0.396,3.51,"1, 400",0,0
HARPIA_20170218_054500.wav,none,1.383,0.64,"1, 400",0,0
HARPIA_20170218_060000.wav,none,0.9329999999999998,1.83,"1, 400",0,0
HARPIA_20170218_061500.wav,none,0.885,2.2249999999999996,"1, 400",0,0
HARPIA_20170218_063000.wav,none,0.818,0.77,"1, 400",0,0
HARPIA_20170218_064500.wav,none,0.928,0.7949999999999999,"1, 400",0,0
HARPIA_20170218_070000.wav,none,1.05,1.1749999999999998,"1, 400",0,0
HARPIA_20170218_071500.wav,none,0.995,0.84,"1, 400",0,0
HARPIA_20170218_073000.wav,none,2.587,2.115,"1, 400",0,0
HARPIA_20170218_074500.wav,none,1.6759999999999995,1.98,"1, 400",0,0
HARPIA_20170218_080000.wav,none,1.25,1.98,"1, 400",0,0
HARPIA_20170219_054500.wav,none,1.634,3.47,"1, 400",0,0
HARPIA_20170219_060000.wav,none,7.353999999999999,9.615,"1, 400",0,0
HARPIA_20170219_061500.wav,none,1.196,4.68,"1, 400",0,0
HARPIA_20170219_063000.wav,none,2.3939999999999997,3.355,"1, 400",0,0
HARPIA_20170219_064500.wav,none,1.137,2.3,"1, 400",0,0
HARPIA_20170219_070000.wav,titi -- no howler,4.035,2.68,"1, 400",1,1
HARPIA_20170219_071500.wav,none,3.4349999999999996,2.665,"1, 400",0,1
HARPIA_20170219_073000.wav,none,0.917,2.665,"1, 400",0,0
HARPIA_20170219_074500.wav,none,1.2479999999999998,3.53,"1, 400",0,0
HARPIA_20170219_080000.wav,none,1.6740000000000002,3.1,"1, 400",0,0
HARPIA_20170214_054500.wav,none,1.219,-0.405,"2, 200",0,0
HARPIA_20170214_060000.wav,none,1.237,-0.39,"2, 200",0,0
HARPIA_20170214_061500.wav,none,1.171,-0.22,"2, 200",0,0
HARPIA_20170214_063000.wav,none,1.202,-0.27,"2, 200",0,0
HARPIA_20170214_064500.wav,none,1.1949999999999998,-0.385,"2, 200",0,0
HARPIA_20170214_070000.wav,none,1.116,-0.2,"2, 200",0,0
HARPIA_20170214_071500.wav,none,1.115,-0.1,"2, 200",0,0
HARPIA_20170214_073000.wav,none,1.013,1.51,"2, 200",0,0
HARPIA_20170214_074500.wav,none,1.1030000000000002,0.83,"2, 200",0,0
HARPIA_20170214_080000.wav,none,1.05,0.515,"2, 200",0,0
HARPIA_20170215_054500.wav,none,1.501,6.595000000000001,"2, 200",0,0
HARPIA_20170215_060000.wav,none,3.5120000000000005,10.365,"2, 200",0,0
HARPIA_20170215_061500.wav,none,2.152,6.88,"2, 200",0,0
HARPIA_20170215_063000.wav,none,1.511,2.9749999999999996,"2, 200",0,0
HARPIA_20170215_064500.wav,none,2.345,3.405,"2, 200",0,1
HARPIA_20170215_070000.wav,titi -- no howler,5.340000000000001,3.405,"2, 200",1,1
HARPIA_20170215_071500.wav,none,2.5370000000000004,2.95,"2, 200",0,1
HARPIA_20170215_073000.wav,none,2.623,2.72,"2, 200",0,0
HARPIA_20170215_074500.wav,none,1.6470000000000002,2.54,"2, 200",0,0
HARPIA_20170215_080000.wav,none,0.1,2.6399999999999997,"2, 200",0,0
HARPIA_20170216_054500.wav,none,0.969,1.025,"2, 200",0,0
HARPIA_20170216_060000.wav,none,6.2589999999999995,12.405,"2, 200",0,0
HARPIA_20170216_061500.wav,none,1.968,8.43,"2, 200",0,0
HARPIA_20170216_063000.wav,none,1.2759999999999998,3.465,"2, 200",0,0
HARPIA_20170216_064500.wav,none,2.623,3.345,"2, 200",0,0
HARPIA_20170216_070000.wav,none,2.281,2.31,"2, 200",0,0
HARPIA_20170216_071500.wav,none,2.724,2.37,"2, 200",0,0
HARPIA_20170216_073000.wav,titi -- no howler,8.184999999999999,2.79,"2, 200",1,1
HARPIA_20170216_074500.wav,none,2.311,2.375,"2, 200",0,0
HARPIA_20170216_080000.wav,none,1.112,2.42,"2, 200",0,0
HARPIA_20170220_054500.wav,none,0.265,3.67,"8, 600",0,0
HARPIA_20170220_060000.wav,none,0.411,4.58,"8, 600",0,0
HARPIA_20170220_061500.wav,none,0.449,4.25,"8, 600",0,0
HARPIA_20170220_063000.wav,none,0.7889999999999999,3.125,"8, 600",0,0
HARPIA_20170220_064500.wav,none,0.518,2.865,"8, 600",0,0
HARPIA_20170220_070000.wav,none,0.662,3.62,"8, 600",0,0
HARPIA_20170220_071500.wav,none,1.834,2.85,"8, 600",0,0
HARPIA_20170220_073000.wav,none,3.5980000000000003,3.52,"8, 600",0,0
HARPIA_20170220_074500.wav,none,0.891,8.58,"8, 600",0,0
HARPIA_20170220_080000.wav,none,0.155,3.83,"8, 600",0,0
HARPIA_20170221_054500.wav,none,1.265,8.11,"8, 600",0,0
HARPIA_20170221_060000.wav,none,-0.186,8.055,"8, 600",0,0
HARPIA_20170221_061500.wav,none,1.207,4.8,"8, 600",0,0
HARPIA_20170221_063000.wav,none,1.907,3.675,"8, 600",0,0
HARPIA_20170221_064500.wav,none,1.341,3.665,"8, 600",0,0
HARPIA_20170221_070000.wav,none,0.957,3.595,"8, 600",0,0
HARPIA_20170221_071500.wav,none,1.225,3.53,"8, 600",0,0
HARPIA_20170221_073000.wav,none,1.002,3.995,"8, 600",0,0
HARPIA_20170221_074500.wav,none,1.2040000000000002,2.73,"8, 600",0,0
HARPIA_20170221_080000.wav,none,0.471,2.205,"8, 600",0,0
HARPIA_20170222_054500.wav,none,1.867,0.215,"9, 800",0,0
HARPIA_20170222_060000.wav,none,0.9,1.4,"9, 800",0,0
HARPIA_20170222_061500.wav,none,0.9810000000000002,0.53,"9, 800",0,0
HARPIA_20170222_063000.wav,none,1.098,-0.325,"9, 800",0,0
HARPIA_20170222_064500.wav,none,1.0690000000000002,0.155,"9, 800",0,0
HARPIA_20170222_070000.wav,none,1.818,-0.235,"9, 800",0,0
HARPIA_20170222_071500.wav,none,0.909,-0.13,"9, 800",0,0
HARPIA_20170222_073000.wav,none,2.2950000000000004,-0.21,"9, 800",0,0
HARPIA_20170222_074500.wav,none,1.261,0.1,"9, 800",0,0
HARPIA_20170222_080000.wav,none,0.8190000000000002,-0.05,"9, 800",0,0
HARPIA_20170223_054500.wav,none,2.514,9.37,"9, 800",0,0
HARPIA_20170223_060000.wav,none,3.3669999999999995,9.435,"9, 800",0,0
HARPIA_20170223_061500.wav,none,0.14200000000000002,3.35,"9, 800",0,0
HARPIA_20170223_063000.wav,none,0.324,2.66,"9, 800",0,0
HARPIA_20170223_064500.wav,none,0.6020000000000001,2.41,"9, 800",0,0
HARPIA_20170223_070000.wav,none,0.892,1.94,"9, 800",0,0
HARPIA_20170223_071500.wav,none,0.7190000000000001,2.025,"9, 800",0,0
HARPIA_20170223_073000.wav,none,0.441,2,"9, 800",0,0
HARPIA_20170223_074500.wav,none,2.819,3.01,"9, 800",0,1
HARPIA_20170223_080000.wav,none,2.8129999999999997,2.725,"9, 800",0,0
HARPIA_20170224_054500.wav,none,1.24,6.4399999999999995,"9, 800",0,0
HARPIA_20170224_060000.wav,none,3.736,5.279999999999999,"9, 800",0,0
HARPIA_20170224_061500.wav,none,0.8360000000000001,3.34,"9, 800",0,0
HARPIA_20170224_063000.wav,none,1.33,2.835,"9, 800",0,0
HARPIA_20170224_064500.wav,none,0.244,3.3550000000000004,"9, 800",0,0
HARPIA_20170224_070000.wav,none,0.424,2.5,"9, 800",0,0
HARPIA_20170224_071500.wav,none,1.3320000000000003,2.715,"9, 800",0,0
HARPIA_20170224_073000.wav,none,1.212,2.47,"9, 800",0,0
HARPIA_20170224_074500.wav,none,1.215,2.92,"9, 800",0,0
HARPIA_20170224_080000.wav,none,2.421,3.2,"9, 800",0,0
PUMA_20130304_054500.wav,none,0.187,1.85,"-3, 200",0,0
PUMA_20130304_060000.wav,none,0.207,1.915,"-3, 200",0,0
PUMA_20130304_061500.wav,none,0.16999999999999998,1.84,"-3, 200",0,0
PUMA_20130304_063000.wav,none,0.22400000000000003,1.82,"-3, 200",0,0
PUMA_20130304_064500.wav,none,0.21599999999999997,1.835,"-3, 200",0,0
PUMA_20130304_070000.wav,none,0.208,1.77,"-3, 200",0,0
PUMA_20130304_071500.wav,none,0.199,1.81,"-3, 200",0,0
PUMA_20130304_073000.wav,none,0.227,1.815,"-3, 200",0,0
PUMA_20130304_074500.wav,none,0.185,1.79,"-3, 200",0,0
PUMA_20130304_080000.wav,none,0.21800000000000003,1.785,"-3, 200",0,0
PUMA_20130305_054500.wav,none,0.243,1.845,"-3, 200",0,0
PUMA_20130305_060000.wav,none,0.229,1.855,"-3, 200",0,0
PUMA_20130305_061500.wav,none,0.21599999999999997,1.86,"-3, 200",0,0
PUMA_20130305_063000.wav,none,0.195,1.825,"-3, 200",0,0
PUMA_20130305_064500.wav,none,0.181,1.7999999999999998,"-3, 200",0,0
PUMA_20130305_070000.wav,none,0.205,1.755,"-3, 200",0,0
PUMA_20130305_071500.wav,none,0.227,1.795,"-3, 200",0,0
PUMA_20130305_073000.wav,none,0.16299999999999998,1.89,"-3, 200",0,1
PUMA_20130305_074500.wav,none,0.202,1.84,"-3, 200",0,1
PUMA_20130305_080000.wav,none,0.205,1.89,"-3, 200",0,0
PUMA_20130301_054500.wav,none,1.8739999999999992,0.64,"6, 0",0,0
PUMA_20130301_060000.wav,none,0.8230000000000001,0.335,"6, 0",0,0
PUMA_20130301_061500.wav,none,0.7969999999999999,0.105,"6, 0",0,0
PUMA_20130301_063000.wav,none,0.917,-0.06500000000000002,"6, 0",0,0
PUMA_20130301_064500.wav,none,0.908,0.07500000000000001,"6, 0",0,0
PUMA_20130301_070000.wav,none,0.869,0.185,"6, 0",0,0
PUMA_20130301_071500.wav,none,3.608,4.99,"6, 0",0,0
PUMA_20130301_073000.wav,none,1.8590000000000004,3.45,"6, 0",0,0
PUMA_20130301_074500.wav,none,0.711,3.325,"6, 0",0,0
PUMA_20130301_080000.wav,none,0.7070000000000001,0.645,"6, 0",0,0
PUMA_20130302_054500.wav,none,0.51,6.609999999999999,"6, 0",0,0
PUMA_20130302_060000.wav,none,4.507,6.1899999999999995,"6, 0",0,1
PUMA_20130302_061500.wav,none,2.927,5.21,"6, 0",0,1
PUMA_20130302_063000.wav,none,2.264,4.255,"6, 0",0,0
PUMA_20130302_064500.wav,none,3.678,5.46,"6, 0",0,1
PUMA_20130302_070000.wav,none,0.8109999999999999,3.12,"6, 0",0,0
PUMA_20130302_071500.wav,none,1.9399999999999995,2.8,"6, 0",0,1
PUMA_20130302_073000.wav,none,1.7279999999999998,3.105,"6, 0",0,1
PUMA_20130302_074500.wav,none,0.14000000000000004,2.54,"6, 0",0,0
PUMA_20130302_080000.wav,none,2.3080000000000003,2.4299999999999997,"6, 0",0,1
PUMA_20130303_054500.wav,none,4.010999999999999,6.755,"6, 0",0,0
PUMA_20130303_060000.wav,none,1.9469999999999996,5.154999999999999,"6, 0",0,0
PUMA_20130303_061500.wav,none,2.607,4.53,"6, 0",0,1
PUMA_20130303_063000.wav,none,3.567,4.855,"6, 0",0,0
PUMA_20130303_064500.wav,none,0.893,3.165,"6, 0",0,1
PUMA_20130303_070000.wav,none,1.896,4.01,"6, 0",0,0
PUMA_20130303_071500.wav,none,2.7,4.805,"6, 0",0,0
PUMA_20130303_073000.wav,none,1.886,4.335,"6, 0",0,0
PUMA_20130303_074500.wav,none,0.12799999999999995,2.885,"6, 0",0,0
PUMA_20130303_080000.wav,none,0.18999999999999995,2.295,"6, 0",0,0
PUMA_20140210_054500.wav,none,1.171,0.34,"-1, 200",0,0
PUMA_20140210_060000.wav,none,1.517,0.37,"-1, 200",0,0
PUMA_20140210_061500.wav,none,1.4999999999999998,0.43,"-1, 200",0,0
PUMA_20140210_063000.wav,none,0.972,0.365,"-1, 200",0,0
PUMA_20140210_064500.wav,none,1.028,0.41,"-1, 200",0,0
PUMA_20140210_070000.wav,none,0.967,0.645,"-1, 200",0,0
PUMA_20140210_071500.wav,none,1.055,0.29,"-1, 200",0,0
PUMA_20140210_073000.wav,none,1.376,0.395,"-1, 200",0,0
PUMA_20140210_074500.wav,none,1.449,3.795,"-1, 200",0,0
PUMA_20140210_080000.wav,none,0.957,0.495,"-1, 200",0,0
PUMA_20140211_054500.wav,none,1.016,0.6399999999999999,"-1, 200",0,0
PUMA_20140211_060000.wav,none,1.089,2.8200000000000003,"-1, 200",0,0
PUMA_20140211_061500.wav,none,0.737,7.029999999999999,"-1, 200",0,0
PUMA_20140211_063000.wav,none,0.953,2.28,"-1, 200",0,0
PUMA_20140211_064500.wav,none,0.729,1.145,"-1, 200",0,0
PUMA_20140211_070000.wav,none,0.865,1.58,"-1, 200",0,0
PUMA_20140211_071500.wav,none,0.7059999999999998,1.01,"-1, 200",0,0
PUMA_20140211_073000.wav,none,1.009,1.205,"-1, 200",0,0
PUMA_20140211_074500.wav,none,1.623,1.82,"-1, 200",0,0
PUMA_20140211_080000.wav,none,1.246,1.44,"-1, 200",0,0
PUMA_20140212_054500.wav,none,0.8020000000000002,1.89,"-1, 200",0,0
PUMA_20140212_060000.wav,none,1.326,1.35,"-1, 200",0,0
PUMA_20140212_061500.wav,none,1.848,0.965,"-1, 200",0,0
PUMA_20140212_063000.wav,none,0.953,0.8400000000000001,"-1, 200",0,0
PUMA_20140212_064500.wav,none,0.793,0.93,"-1, 200",0,0
PUMA_20140212_070000.wav,none,0.805,1.1800000000000002,"-1, 200",0,0
PUMA_20140212_071500.wav,none,0.7060000000000001,1.085,"-1, 200",0,0
PUMA_20140212_073000.wav,none,0.6399999999999999,1.525,"-1, 200",0,0
PUMA_20140212_074500.wav,none,0.4449999999999999,2.06,"-1, 200",0,0
PUMA_20140212_080000.wav,none,0.5010000000000001,1.8,"-1, 200",0,0
PUMA_20140208_054500.wav,none,1.128,2.835,"-1, 200",0,0
PUMA_20140208_060000.wav,none,0.659,2.745,"-1, 200",0,0
PUMA_20140208_061500.wav,none,1.011,0.06500000000000002,"-1, 200",0,0
PUMA_20140208_063000.wav,none,0.962,0.07,"-1, 200",0,0
PUMA_20140208_064500.wav,none,0.931,0.12,"-1, 200",0,0
PUMA_20140208_070000.wav,none,0.993,0.105,"-1, 200",0,0
PUMA_20140208_071500.wav,none,1.077,0.21,"-1, 200",0,0
PUMA_20140208_073000.wav,none,1.072,0.6799999999999999,"-1, 200",0,0
PUMA_20140208_074500.wav,none,1.027,0.03,"-1, 200",0,0
PUMA_20140208_080000.wav,none,1.003,0.095,"-1, 200",0,0
PUMA_20140209_054500.wav,none,0.752,4.125,"-1, 200",0,0
PUMA_20140209_060000.wav,none,1.206,3.065,"-1, 200",0,0
PUMA_20140209_061500.wav,none,0.09,3.13,"-1, 200",0,0
PUMA_20140209_063000.wav,none,0.375,2.645,"-1, 200",0,0
PUMA_20140209_064500.wav,none,0.97,2.425,"-1, 200",0,0
PUMA_20140209_070000.wav,none,3.4270000000000005,2.4450000000000003,"-1, 200",0,1
PUMA_20140209_071500.wav,titi -- no howler,5.811000000000001,3.64,"-1, 200",1,1
PUMA_20140209_073000.wav,none,0.922,2.6950000000000003,"-1, 200",0,0
PUMA_20140209_074500.wav,none,0.5700000000000001,2.5,"-1, 200",0,0
PUMA_20140209_080000.wav,none,0.893,0.765,"-1, 200",0,0
PUMA_20140213_054500.wav,none,0.198,3.76,"0, 400",0,0
PUMA_20140213_060000.wav,none,-0.036,3.465,"0, 400",0,0
PUMA_20140213_061500.wav,none,2.7755575615628915e-18,3.4349999999999996,"0, 400",0,0
PUMA_20140213_063000.wav,none,0.006,2.825,"0, 400",0,0
PUMA_20140213_064500.wav,none,0.04199999999999999,2.855,"0, 400",0,0
PUMA_20140213_070000.wav,none,0.017,3.045,"0, 400",0,0
PUMA_20140213_071500.wav,none,0.28500000000000003,2.75,"0, 400",0,0
PUMA_20140213_073000.wav,none,0.31799999999999995,2.715,"0, 400",0,0
PUMA_20140213_074500.wav,none,0.263,2.665,"0, 400",0,0
PUMA_20140213_080000.wav,none,0.01499999999999999,3.065,"0, 400",0,0
PUMA_20140214_054500.wav,none,0.841,4.2,"0, 400",0,0
PUMA_20140214_060000.wav,none,-0.33899999999999997,5.4,"0, 400",0,0
PUMA_20140214_061500.wav,none,-0.01199999999999999,5.23,"0, 400",0,0
PUMA_20140214_063000.wav,none,-0.18,4.005,"0, 400",0,0
PUMA_20140214_064500.wav,none,0.03800000000000002,4.82,"0, 400",0,0
PUMA_20140214_070000.wav,none,0.07900000000000001,4.455,"0, 400",0,0
PUMA_20140214_071500.wav,none,1.771,3.06,"0, 400",0,0
PUMA_20140214_073000.wav,none,0.02199999999999998,3.7,"0, 400",0,0
PUMA_20140214_074500.wav,none,0.453,3.125,"0, 400",0,0
PUMA_20140214_080000.wav,none,0.308,3.3200000000000003,"0, 400",0,0
PUMA_20140205_054500.wav,none,1.6720000000000002,0.8250000000000001,"6, 0",0,0
PUMA_20140205_060000.wav,none,1.1310000000000002,5.105,"6, 0",0,0
PUMA_20140205_061500.wav,none,0.868,5.995,"6, 0",0,0
PUMA_20140205_063000.wav,none,3.407,4.859999999999999,"6, 0",0,1
PUMA_20140205_064500.wav,none,3.0450000000000004,7.945,"6, 0",0,1
PUMA_20140205_070000.wav,none,2.272,4.915,"6, 0",0,0
PUMA_20140205_071500.wav,none,3.1530000000000005,4.375,"6, 0",0,1
PUMA_20140205_073000.wav,none,2.613,4.35,"6, 0",0,1
PUMA_20140205_074500.wav,none,2.696,4.595000000000001,"6, 0",0,1
PUMA_20140205_080000.wav,none,0.28700000000000003,6.425000000000001,"6, 0",0,1
PUMA_20140206_054500.wav,none,1.2009999999999996,5.245,"6, 0",0,1
PUMA_20140206_060000.wav,none,1.513,7.335,"6, 0",0,0
PUMA_20140206_061500.wav,none,1.908,7.1850000000000005,"6, 0",0,0
PUMA_20140206_063000.wav,none,3.2340000000000004,6.705,"6, 0",0,0
PUMA_20140206_064500.wav,none,4.779000000000001,5.6850000000000005,"6, 0",0,1
PUMA_20140206_070000.wav,none,2.646,5.635,"6, 0",0,0
PUMA_20140206_071500.wav,none,1.526,5.54,"6, 0",0,1
PUMA_20140206_073000.wav,none,0.8379999999999999,6.38,"6, 0",0,0
PUMA_20140206_074500.wav,none,1.5650000000000002,7.33,"6, 0",0,0
PUMA_20140206_080000.wav,none,1.47,9.15,"6, 0",0,0
PUMA_20140207_054500.wav,none,0.404,3.555,"6, 0",0,0
PUMA_20140207_060000.wav,none,-0.173,5.9,"6, 0",0,0
PUMA_20140207_061500.wav,none,1.0599999999999998,6.43,"6, 0",0,1
PUMA_20140207_063000.wav,none,2.2369999999999997,5.21,"6, 0",0,1
PUMA_20140207_064500.wav,none,3.011,4.625,"6, 0",0,1
PUMA_20140207_070000.wav,titi -- yes howler,4.573,4.365,"6, 0",1,0
PUMA_20140207_071500.wav,none,3.927000000000001,4.9,"6, 0",0,1
PUMA_20140207_073000.wav,none,2.1119999999999997,4.45,"6, 0",0,0
PUMA_20140207_074500.wav,titi -- yes howler,9.009,5.425000000000001,"6, 0",1,1
PUMA_20140207_080000.wav,none,2.6120000000000005,5.005,"6, 0",0,1
PUMA_20150216_054500.wav,none,0.623,2.18,"-1, 600",0,0
PUMA_20150216_060000.wav,none,0.4640000000000001,2.785,"-1, 600",0,0
PUMA_20150216_061500.wav,none,0.865,6.51,"-1, 600",0,0
PUMA_20150216_063000.wav,titi -- yes howler,5.687,5.655,"-1, 600",1,0
PUMA_20150216_064500.wav,titi -- no howler,6.739,2.46,"-1, 600",1,0
PUMA_20150216_070000.wav,none,2.284,2.145,"-1, 600",0,0
PUMA_20150216_071500.wav,none,0.43899999999999995,2.615,"-1, 600",0,0
PUMA_20150216_073000.wav,none,1.546,2.795,"-1, 600",0,0
PUMA_20150216_074500.wav,none,3.0079999999999996,2.665,"-1, 600",0,0
PUMA_20150216_080000.wav,none,1.9170000000000005,3.88,"-1, 600",0,0
PUMA_20150217_054500.wav,none,0.256,2.165,"-1, 600",0,0
PUMA_20150217_060000.wav,none,0.34700000000000003,2.575,"-1, 600",0,0
PUMA_20150217_061500.wav,none,0.909,2.35,"-1, 600",0,0
PUMA_20150217_063000.wav,none,1.155,2.135,"-1, 600",0,0
PUMA_20150217_064500.wav,none,0.8729999999999999,2.1399999999999997,"-1, 600",0,0
PUMA_20150217_070000.wav,none,1.059,2.39,"-1, 600",0,0
PUMA_20150217_071500.wav,none,0.915,2.39,"-1, 600",0,0
PUMA_20150217_073000.wav,none,0.8100000000000002,2.2249999999999996,"-1, 600",0,0
PUMA_20150217_074500.wav,none,0.835,2.3499999999999996,"-1, 600",0,0
PUMA_20150217_080000.wav,none,0.5589999999999999,2.85,"-1, 600",0,0
PUMA_20150214_054500.wav,none,1.239,3.145,"-2, 400",0,0
PUMA_20150214_060000.wav,none,0.309,3.775,"-2, 400",0,0
PUMA_20150214_061500.wav,none,-0.208,4.67,"-2, 400",0,0
PUMA_20150214_063000.wav,none,0.409,3.505,"-2, 400",0,0
PUMA_20150214_064500.wav,none,0.462,4.91,"-2, 400",0,0
PUMA_20150214_070000.wav,none,0.142,4.31,"-2, 400",0,0
PUMA_20150214_071500.wav,none,-0.079,3.77,"-2, 400",0,0
PUMA_20150214_073000.wav,none,0.042,5.695,"-2, 400",0,0
PUMA_20150214_074500.wav,none,1.349,2.395,"-2, 400",0,0
PUMA_20150214_080000.wav,none,1.0529999999999995,2.955,"-2, 400",0,0
PUMA_20150215_054500.wav,none,3.19,4.1,"-2, 400",0,0
PUMA_20150215_060000.wav,none,3.175,1.835,"-2, 400",0,0
PUMA_20150215_061500.wav,none,0.617,2.17,"-2, 400",0,0
PUMA_20150215_063000.wav,none,0.483,2.365,"-2, 400",0,0
PUMA_20150215_064500.wav,none,0.5760000000000001,1.755,"-2, 400",0,0
PUMA_20150215_070000.wav,none,0.5640000000000001,1.59,"-2, 400",0,0
PUMA_20150215_071500.wav,none,1.3850000000000002,1.81,"-2, 400",0,0
PUMA_20150215_073000.wav,none,2.588,1.835,"-2, 400",0,0
PUMA_20150215_074500.wav,none,2.529,11.595,"-2, 400",0,0
PUMA_20150215_080000.wav,none,0.8899999999999999,2.2300000000000004,"-2, 400",0,0
PUMA_20150218_054500.wav,none,0.7500000000000001,3.665,"0, 800",0,0
PUMA_20150218_060000.wav,none,0.05399999999999999,5.279999999999999,"0, 800",0,0
PUMA_20150218_061500.wav,none,3.4869999999999997,11.505,"0, 800",0,0
PUMA_20150218_063000.wav,none,0.02699999999999999,4.625,"0, 800",0,0
PUMA_20150218_064500.wav,none,1.9110000000000005,4.3149999999999995,"0, 800",0,0
PUMA_20150218_070000.wav,none,-0.191,4.835,"0, 800",0,0
PUMA_20150218_071500.wav,none,-0.11300000000000002,3.2350000000000003,"0, 800",0,0
PUMA_20150218_073000.wav,none,0.7110000000000001,3.615,"0, 800",0,0
PUMA_20150218_074500.wav,none,-0.12200000000000004,3.775,"0, 800",0,0
PUMA_20150218_080000.wav,none,-0.113,3.78,"0, 800",0,0
PUMA_20150219_054500.wav,none,0.6480000000000001,2.94,"0, 800",0,0
PUMA_20150219_060000.wav,none,-0.08800000000000002,4.535,"0, 800",0,0
PUMA_20150219_061500.wav,none,3.636,12.915,"0, 800",0,0
PUMA_20150219_063000.wav,none,1.309,3.395,"0, 800",0,0
PUMA_20150219_064500.wav,none,1.9229999999999996,2.735,"0, 800",0,0
PUMA_20150219_070000.wav,none,0.279,3.215,"0, 800",0,0
PUMA_20150219_071500.wav,none,3.553,3.455,"0, 800",0,0
PUMA_20150219_073000.wav,none,3.3949999999999996,3.255,"0, 800",0,1
PUMA_20150219_074500.wav,none,1.711,2.34,"0, 800",0,0
PUMA_20150219_080000.wav,none,0.595,2.685,"0, 800",0,0
PUMA_20150211_054500.wav,none,1.143,1.95,"1, 200",0,0
PUMA_20150211_060000.wav,none,1.134,0.835,"1, 200",0,0
PUMA_20150211_061500.wav,none,1.036,0.195,"1, 200",0,0
PUMA_20150211_063000.wav,none,1.123,-0.065,"1, 200",0,0
PUMA_20150211_064500.wav,none,1.109,0.04500000000000001,"1, 200",0,0
PUMA_20150211_070000.wav,none,1.096,-0.04500000000000001,"1, 200",0,0
PUMA_20150211_071500.wav,none,1.419,0.11,"1, 200",0,0
PUMA_20150211_073000.wav,none,1.16,0.02499999999999999,"1, 200",0,0
PUMA_20150211_074500.wav,none,1.176,0.16999999999999998,"1, 200",0,0
PUMA_20150211_080000.wav,none,1.1829999999999998,7.085,"1, 200",0,0
PUMA_20150212_054500.wav,none,3.2050000000000005,1.42,"1, 200",0,0
PUMA_20150212_060000.wav,none,0.605,2.7,"1, 200",0,0
PUMA_20150212_061500.wav,none,1.016,2.84,"1, 200",0,0
PUMA_20150212_063000.wav,titi -- no howler,4.5840000000000005,2.54,"1, 200",1,1
PUMA_20150212_064500.wav,none,3.794999999999999,2.34,"1, 200",0,0
PUMA_20150212_070000.wav,none,0.7530000000000001,2.26,"1, 200",0,0
PUMA_20150212_071500.wav,none,0.522,2.83,"1, 200",0,0
PUMA_20150212_073000.wav,none,0.8269999999999997,2.8,"1, 200",0,0
PUMA_20150212_074500.wav,none,0.598,3.08,"1, 200",0,0
PUMA_20150212_080000.wav,none,0.7070000000000001,3.1799999999999997,"1, 200",0,0
PUMA_20150213_054500.wav,none,1.275,2.7649999999999997,"1, 200",0,0
PUMA_20150213_060000.wav,none,0.69,4.145,"1, 200",0,0
PUMA_20150213_061500.wav,none,8.405,12.245,"1, 200",0,0
PUMA_20150213_063000.wav,none,2.4400000000000004,3.215,"1, 200",0,0
PUMA_20150213_064500.wav,none,1.3570000000000002,3.545,"1, 200",0,0
PUMA_20150213_070000.wav,none,1.966,3.93,"1, 200",0,0
PUMA_20150213_071500.wav,none,2.342,3.965,"1, 200",0,0
PUMA_20150213_073000.wav,none,0.909,3.865,"1, 200",0,0
PUMA_20150213_074500.wav,none,1.319,3.165,"1, 200",0,0
PUMA_20150213_080000.wav,none,2.101,3.625,"1, 200",0,0
PUMA_20150210_054500.wav,none,1.084,4.175,"2, 0",0,0
PUMA_20150210_060000.wav,none,1.318,4.295,"2, 0",0,0
PUMA_20150210_061500.wav,none,1.1570000000000005,-0.495,"2, 0",0,0
PUMA_20150210_063000.wav,none,1.098,0.425,"2, 0",0,0
PUMA_20150210_064500.wav,none,0.901,0.685,"2, 0",0,0
PUMA_20150210_070000.wav,none,0.893,0.6799999999999999,"2, 0",0,0
PUMA_20150210_071500.wav,none,2.3259999999999996,1.42,"2, 0",0,0
PUMA_20150210_073000.wav,none,2.5890000000000004,1.035,"2, 0",0,0
PUMA_20150210_074500.wav,none,1.549,2.935,"2, 0",0,0
PUMA_20150210_080000.wav,none,1.106,3.555,"2, 0",0,0
PUMA_20150208_054500.wav,none,0.415,4.975,"2, 0",0,0
PUMA_20150208_060000.wav,none,0.37299999999999994,5.5,"2, 0",0,0
PUMA_20150208_061500.wav,none,1.1,3.515,"2, 0",0,0
PUMA_20150208_063000.wav,none,2.789,3.33,"2, 0",0,1
PUMA_20150208_064500.wav,none,4.176,4.949999999999999,"2, 0",0,1
PUMA_20150208_070000.wav,titi -- no howler,5.2170000000000005,3.4499999999999997,"2, 0",1,1
PUMA_20150208_071500.wav,none,2.303,3.9,"2, 0",0,1
PUMA_20150208_073000.wav,none,1.8389999999999995,4.145,"2, 0",0,1
PUMA_20150208_074500.wav,none,1.4110000000000005,3.56,"2, 0",0,1
PUMA_20150208_080000.wav,none,1.505,5.595,"2, 0",0,1
PUMA_20150209_054500.wav,none,1.0299999999999998,-0.33499999999999996,"2, 0",0,0
PUMA_20150209_060000.wav,none,1.005,-0.005,"2, 0",0,0
PUMA_20150209_061500.wav,none,0.998,0.035,"2, 0",0,0
PUMA_20150209_063000.wav,none,1.134,-0.245,"2, 0",0,0
PUMA_20150209_064500.wav,none,1.1309999999999998,-0.33999999999999997,"2, 0",0,0
PUMA_20150209_070000.wav,none,1.039,-0.43,"2, 0",0,0
PUMA_20150209_071500.wav,none,1.0980000000000003,-0.43,"2, 0",0,0
PUMA_20150209_073000.wav,none,1.076,-0.345,"2, 0",0,0
PUMA_20150209_074500.wav,none,1.089,-0.34,"2, 0",0,0
PUMA_20150209_080000.wav,none,1.092,-0.23,"2, 0",0,0
PUMA_20160210_054500.wav,none,1.6020000000000003,0.66,"-2, 0",0,0
PUMA_20160210_060000.wav,none,0.9479999999999998,1.39,"-2, 0",0,0
PUMA_20160210_061500.wav,none,0.766,1.33,"-2, 0",0,0
PUMA_20160210_063000.wav,none,1.2399999999999998,1.52,"-2, 0",0,0
PUMA_20160210_064500.wav,none,1.8369999999999995,1.7799999999999998,"-2, 0",0,0
PUMA_20160210_070000.wav,none,0.714,1.195,"-2, 0",0,0
PUMA_20160210_071500.wav,none,0.6659999999999998,3.29,"-2, 0",0,0
PUMA_20160210_073000.wav,none,0.625,2.22,"-2, 0",0,0
PUMA_20160210_074500.wav,none,1.012,3.36,"-2, 0",0,0
PUMA_20160210_080000.wav,none,2.092,4.52,"-2, 0",0,0
PUMA_20160211_054500.wav,none,1.019,0.55,"-2, 0",0,0
PUMA_20160211_060000.wav,none,0.791,1.1949999999999998,"-2, 0",0,0
PUMA_20160211_061500.wav,none,1.459,1.5950000000000002,"-2, 0",0,0
PUMA_20160211_063000.wav,none,1.37,0.8500000000000001,"-2, 0",0,0
PUMA_20160211_064500.wav,none,1.044,0.73,"-2, 0",0,0
PUMA_20160211_070000.wav,none,0.6849999999999999,1.13,"-2, 0",0,0
PUMA_20160211_071500.wav,none,1.236,1.765,"-2, 0",0,0
PUMA_20160211_073000.wav,none,2.0520000000000005,2.5700000000000003,"-2, 0",0,0
PUMA_20160211_074500.wav,none,2.5129999999999995,2.545,"-2, 0",0,0
PUMA_20160211_080000.wav,none,2.1529999999999996,3.185,"-2, 0",0,0
PUMA_20160212_054500.wav,none,0.8950000000000001,1.685,"-2, 0",0,0
PUMA_20160212_060000.wav,none,1.521,1.7200000000000002,"-2, 0",0,0
PUMA_20160212_061500.wav,none,1.7750000000000004,1.595,"-2, 0",0,0
PUMA_20160212_063000.wav,none,0.667,2.29,"-2, 0",0,0
PUMA_20160212_064500.wav,titi -- no howler,4.715000000000001,1.815,"-2, 0",1,1
PUMA_20160212_070000.wav,titi -- no howler,4.368,1.415,"-2, 0",1,1
PUMA_20160212_071500.wav,none,1.753,1.39,"-2, 0",0,0
PUMA_20160212_073000.wav,none,3.239,1.65,"-2, 0",0,0
PUMA_20160212_074500.wav,none,2.3540000000000005,1.675,"-2, 0",0,0
PUMA_20160212_080000.wav,titi -- no howler,5.623,2.725,"-2, 0",1,0
PUMA_20160223_054500.wav,none,1.966,5.279999999999999,"0, 800",0,0
PUMA_20160223_060000.wav,none,1.806,6.0600000000000005,"0, 800",0,1
PUMA_20160223_061500.wav,none,4.421000000000001,5.495,"0, 800",0,0
PUMA_20160223_063000.wav,none,2.353,7.09,"0, 800",0,0
PUMA_20160223_064500.wav,none,0.179,7.7,"0, 800",0,0
PUMA_20160223_070000.wav,none,0.8579999999999999,3.975,"0, 800",0,0
PUMA_20160223_071500.wav,none,0.082,4.345000000000001,"0, 800",0,0
PUMA_20160223_073000.wav,none,-0.324,3.96,"0, 800",0,0
PUMA_20160223_074500.wav,none,0.165,4.095,"0, 800",0,0
PUMA_20160223_080000.wav,none,0.241,3.805,"0, 800",0,0
PUMA_20160225_054500.wav,none,1.3050000000000002,2.995,"0, 800",0,0
PUMA_20160225_060000.wav,none,1.077,3.25,"0, 800",0,0
PUMA_20160225_061500.wav,none,0.6389999999999999,3.06,"0, 800",0,0
PUMA_20160225_063000.wav,none,1.104,3.68,"0, 800",0,0
PUMA_20160225_064500.wav,none,1.2280000000000002,3.87,"0, 800",0,0
PUMA_20160225_070000.wav,none,1.082,3.25,"0, 800",0,0
PUMA_20160225_071500.wav,none,1.241,3.57,"0, 800",0,0
PUMA_20160225_073000.wav,none,0.8809999999999999,3.785,"0, 800",0,0
PUMA_20160225_074500.wav,none,2.028,3.405,"0, 800",0,0
PUMA_20160225_080000.wav,none,0.46,3.995,"0, 800",0,0
PUMA_20160213_054500.wav,none,2.61,3.1399999999999997,"1, 200",0,0
PUMA_20160213_060000.wav,none,2.522,12.665,"1, 200",0,0
PUMA_20160213_061500.wav,none,1.6439999999999997,10.5,"1, 200",0,0
PUMA_20160213_063000.wav,none,1.897,4.465,"1, 200",0,0
PUMA_20160213_064500.wav,none,0.985,4.085,"1, 200",0,0
PUMA_20160213_070000.wav,none,1.4829999999999997,3.18,"1, 200",0,0
PUMA_20160213_071500.wav,none,2.289,3.53,"1, 200",0,0
PUMA_20160213_073000.wav,none,2.935,3.979999999999999,"1, 200",0,0
PUMA_20160213_074500.wav,none,2.5119999999999996,3.28,"1, 200",0,0
PUMA_20160213_080000.wav,none,0.4300000000000001,3.33,"1, 200",0,0
PUMA_20160214_054500.wav,none,0.413,3.84,"1, 200",0,0
PUMA_20160214_060000.wav,none,0.414,4.695,"1, 200",0,0
PUMA_20160214_061500.wav,none,0.32999999999999996,3.93,"1, 200",0,0
PUMA_20160214_063000.wav,none,0.417,3.7,"1, 200",0,0
PUMA_20160214_064500.wav,none,0.8720000000000001,3.605,"1, 200",0,0
PUMA_20160214_070000.wav,none,0.716,3.53,"1, 200",0,0
PUMA_20160214_071500.wav,none,1.269,3.765,"1, 200",0,0
PUMA_20160214_073000.wav,none,0.512,3.575,"1, 200",0,0
PUMA_20160214_074500.wav,none,0.8089999999999999,3.34,"1, 200",0,0
PUMA_20160214_080000.wav,none,0.7590000000000001,3.905,"1, 200",0,0
PUMA_20160215_054500.wav,none,0.467,3.905,"6, 400",0,0
PUMA_20160215_060000.wav,none,0.48599999999999993,3.805,"6, 400",0,0
PUMA_20160215_061500.wav,none,0.603,2.915,"6, 400",0,0
PUMA_20160215_063000.wav,none,1.576,1.67,"6, 400",0,0
PUMA_20160215_064500.wav,none,1.217,2.205,"6, 400",0,0
PUMA_20160215_070000.wav,none,1.4300000000000002,2.33,"6, 400",0,0
PUMA_20160215_071500.wav,none,0.8539999999999999,2.38,"6, 400",0,0
PUMA_20160215_073000.wav,none,0.536,2.1,"6, 400",0,0
PUMA_20160215_074500.wav,none,0.857,1.79,"6, 400",0,0
PUMA_20160215_080000.wav,none,1.462,2.3899999999999997,"6, 400",0,0
PUMA_20160219_054500.wav,none,0.555,1.695,NA,0,NA
PUMA_20160219_060000.wav,none,0.37499999999999994,2.34,NA,0,NA
PUMA_20160219_061500.wav,none,1.162,1.975,NA,0,NA
PUMA_20160219_063000.wav,none,0.65,1.785,NA,0,NA
PUMA_20160219_064500.wav,none,0.5870000000000001,1.735,NA,0,NA
PUMA_20160219_070000.wav,none,0.6530000000000001,1.755,NA,0,NA
PUMA_20160219_071500.wav,none,1.222,1.825,NA,0,NA
PUMA_20160219_073000.wav,none,3.790999999999999,2.135,NA,0,NA
PUMA_20160219_074500.wav,none,2.925,2.3049999999999997,NA,0,NA
PUMA_20160219_080000.wav,none,0.7150000000000001,3.46,NA,0,NA
PUMA_20160220_054500.wav,none,0.29,2.66,NA,0,NA
PUMA_20160220_060000.wav,none,2.025,4.205,NA,0,NA
PUMA_20160220_061500.wav,none,0.9260000000000002,3.805,NA,0,NA
PUMA_20160220_063000.wav,none,1.305,5.025,NA,0,NA
PUMA_20160220_064500.wav,none,1.932,2.0149999999999997,NA,0,NA
PUMA_20160220_070000.wav,none,2.506,1.67,NA,0,NA
PUMA_20160220_071500.wav,none,1.897,2.17,NA,0,NA
PUMA_20160220_073000.wav,none,1.5779999999999998,3.0999999999999996,NA,0,NA
PUMA_20160220_074500.wav,none,1.312,2.2,NA,0,NA
PUMA_20160220_080000.wav,none,2.279,2.025,NA,0,NA
PUMA_20170221_054500.wav,none,2.0119999999999996,3.3150000000000004,"-3, 600",0,0
PUMA_20170221_060000.wav,none,0.6960000000000001,3.265,"-3, 600",0,0
PUMA_20170221_061500.wav,none,0.788,3.105,"-3, 600",0,0
PUMA_20170221_063000.wav,none,0.919,3.045,"-3, 600",0,0
PUMA_20170221_064500.wav,none,0.601,2.065,"-3, 600",0,0
PUMA_20170221_070000.wav,none,1.6900000000000002,2.355,"-3, 600",0,1
PUMA_20170221_071500.wav,none,1.521,2.7649999999999997,"-3, 600",0,0
PUMA_20170221_073000.wav,none,1.1,2.97,"-3, 600",0,0
PUMA_20170221_074500.wav,none,0.986,2.86,"-3, 600",0,0
PUMA_20170221_080000.wav,none,0.642,2.285,"-3, 600",0,0
PUMA_20170222_054500.wav,none,0.907,0.39,"-3, 600",0,0
PUMA_20170222_060000.wav,none,0.8690000000000001,2.415,"-3, 600",0,0
PUMA_20170222_061500.wav,none,0.994,0.03999999999999999,"-3, 600",0,0
PUMA_20170222_063000.wav,none,1.1609999999999998,-0.15999999999999998,"-3, 600",0,0
PUMA_20170222_064500.wav,none,0.954,0.10499999999999998,"-3, 600",0,0
PUMA_20170222_070000.wav,none,0.8779999999999999,0.2,"-3, 600",0,0
PUMA_20170222_071500.wav,none,0.8880000000000001,0.27999999999999997,"-3, 600",0,0
PUMA_20170222_073000.wav,none,1.1880000000000002,0.45,"-3, 600",0,0
PUMA_20170222_074500.wav,none,1.231,0.32,"-3, 600",0,0
PUMA_20170222_080000.wav,none,1.164,0.495,"-3, 600",0,0
PUMA_20170223_054500.wav,none,1.811,2.015,"-3, 600",0,0
PUMA_20170223_060000.wav,titi -- no howler,5.720000000000001,2.7350000000000003,"-3, 600",1,1
PUMA_20170223_061500.wav,titi -- no howler,4.457000000000001,3.979999999999999,"-3, 600",1,0
PUMA_20170223_063000.wav,none,0.8310000000000001,3.035,"-3, 600",0,0
PUMA_20170223_064500.wav,none,1.155,2.6799999999999997,"-3, 600",0,0
PUMA_20170223_070000.wav,none,0.951,2.0700000000000003,"-3, 600",0,0
PUMA_20170223_071500.wav,none,0.8390000000000001,2.53,"-3, 600",0,1
PUMA_20170223_073000.wav,none,0.935,1.885,"-3, 600",0,0
PUMA_20170223_074500.wav,none,1.8369999999999995,2.535,"-3, 600",0,0
PUMA_20170223_080000.wav,none,0.8380000000000001,2.6799999999999997,"-3, 600",0,0
PUMA_20170216_054500.wav,none,1.0719999999999998,1.495,"1, 200",0,0
PUMA_20170216_060000.wav,none,1.028,3.245,"1, 200",0,0
PUMA_20170216_061500.wav,none,1.057,2.075,"1, 200",0,0
PUMA_20170216_063000.wav,none,0.7939999999999999,2.26,"1, 200",0,0
PUMA_20170216_064500.wav,none,0.922,2.335,"1, 200",0,0
PUMA_20170216_070000.wav,none,1.5080000000000002,2.595,"1, 200",0,0
PUMA_20170216_071500.wav,none,2.17,1.91,"1, 200",0,1
PUMA_20170216_073000.wav,none,2.6599999999999997,2.49,"1, 200",0,0
PUMA_20170216_074500.wav,none,2.0609999999999995,1.94,"1, 200",0,0
PUMA_20170216_080000.wav,none,2.2719999999999994,2.13,"1, 200",0,0
PUMA_20170217_054500.wav,none,1.188,2.45,"1, 200",0,0
PUMA_20170217_060000.wav,none,1.551,2.22,"1, 200",0,0
PUMA_20170217_061500.wav,none,0.03900000000000001,2.715,"1, 200",0,0
PUMA_20170217_063000.wav,none,0.05800000000000001,3.3499999999999996,"1, 200",0,0
PUMA_20170217_064500.wav,none,0.883,3.9,"1, 200",0,0
PUMA_20170217_070000.wav,none,-0.01499999999999998,3.945,"1, 200",0,0
PUMA_20170217_071500.wav,none,0.6769999999999999,3.59,"1, 200",0,0
PUMA_20170217_073000.wav,none,-0.20099999999999993,4.165,"1, 200",0,0
PUMA_20170217_074500.wav,none,1.803,2.455,"1, 200",0,0
PUMA_20170217_080000.wav,none,0.857,0.07999999999999999,"1, 200",0,0
PUMA_20170213_054500.wav,none,-0.04400000000000002,5.635,"4, 0",0,0
PUMA_20170213_060000.wav,none,-0.135,8.21,"4, 0",0,0
PUMA_20170213_061500.wav,none,0.481,4.859999999999999,"4, 0",0,0
PUMA_20170213_063000.wav,none,3.109,4.515000000000001,"4, 0",0,0
PUMA_20170213_064500.wav,none,0.5439999999999999,4.04,"4, 0",0,0
PUMA_20170213_070000.wav,none,0.836,3.74,"4, 0",0,0
PUMA_20170213_071500.wav,none,2.513,5.8149999999999995,"4, 0",0,1
PUMA_20170213_073000.wav,none,2.5959999999999996,4.84,"4, 0",0,1
PUMA_20170213_074500.wav,none,1.335,4.99,"4, 0",0,0
PUMA_20170213_080000.wav,none,-0.22400000000000003,4.1499999999999995,"4, 0",0,0
PUMA_20170214_054500.wav,none,1.01,-0.415,"4, 0",0,0
PUMA_20170214_060000.wav,none,1.0459999999999998,-0.32,"4, 0",0,0
PUMA_20170214_061500.wav,none,0.949,-0.22,"4, 0",0,0
PUMA_20170214_063000.wav,none,0.947,-0.22500000000000003,"4, 0",0,0
PUMA_20170214_064500.wav,none,0.921,-0.12,"4, 0",0,0
PUMA_20170214_070000.wav,none,0.908,0.13,"4, 0",0,0
PUMA_20170214_071500.wav,none,0.909,0.195,"4, 0",0,0
PUMA_20170214_073000.wav,none,0.8460000000000001,0.13499999999999998,"4, 0",0,0
PUMA_20170214_074500.wav,none,0.8370000000000001,0.04000000000000001,"4, 0",0,0
PUMA_20170214_080000.wav,none,0.817,0.59,"4, 0",0,0
PUMA_20170215_054500.wav,none,0.429,4.125,"4, 0",0,0
PUMA_20170215_060000.wav,none,0.13899999999999996,4.57,"4, 0",0,0
PUMA_20170215_061500.wav,none,2.332,4.15,"4, 0",0,0
PUMA_20170215_063000.wav,none,0.301,3.46,"4, 0",0,0
PUMA_20170215_064500.wav,none,0.627,4.93,"4, 0",0,0
PUMA_20170215_070000.wav,none,0.54,2.645,"4, 0",0,0
PUMA_20170215_071500.wav,none,3.4730000000000003,2.56,"4, 0",0,0
PUMA_20170215_073000.wav,none,1.493,3.025,"4, 0",0,1
PUMA_20170215_074500.wav,none,2.2780000000000005,3.215,"4, 0",0,1
PUMA_20170215_080000.wav,none,0.8399999999999999,2.61,"4, 0",0,0
PUMA_20170218_054500.wav,none,1.2470000000000003,-0.09000000000000002,"6, 400",0,0
PUMA_20170218_060000.wav,none,1.331,0.815,"6, 400",0,0
PUMA_20170218_061500.wav,none,1.159,0.485,"6, 400",0,0
PUMA_20170218_063000.wav,none,1.713,0.32499999999999996,"6, 400",0,1
PUMA_20170218_064500.wav,none,1.108,0.295,"6, 400",0,0
PUMA_20170218_070000.wav,none,1.208,0.415,"6, 400",0,0
PUMA_20170218_071500.wav,none,1.031,0.6699999999999999,"6, 400",0,0
PUMA_20170218_073000.wav,none,0.9350000000000002,1.125,"6, 400",0,0
PUMA_20170218_074500.wav,none,0.8940000000000001,1.865,"6, 400",0,0
PUMA_20170218_080000.wav,none,0.906,2.73,"6, 400",0,0
PUMA_20170219_054500.wav,none,1.177,3.365,"6, 400",0,0
PUMA_20170219_060000.wav,none,0.9399999999999998,5.130000000000001,"6, 400",0,0
PUMA_20170219_061500.wav,none,0.785,4.63,"6, 400",0,0
PUMA_20170219_063000.wav,none,1.7939999999999998,4.33,"6, 400",0,0
PUMA_20170219_064500.wav,none,1.2399999999999998,3.899999999999999,"6, 400",0,0
PUMA_20170219_070000.wav,none,2.0789999999999997,3.02,"6, 400",0,1
PUMA_20170219_071500.wav,none,1.109,3.405,"6, 400",0,0
PUMA_20170219_073000.wav,none,1.088,3.54,"6, 400",0,1
PUMA_20170219_074500.wav,none,0.8110000000000002,4.57,"6, 400",0,0
PUMA_20170219_080000.wav,none,1.053,3.165,"6, 400",0,0
PUMA_20170220_054500.wav,none,2.5650000000000004,1.685,"6, 400",0,1
PUMA_20170220_060000.wav,none,1.7410000000000003,2.545,"6, 400",0,0
PUMA_20170220_061500.wav,none,1.479,1.965,"6, 400",0,0
PUMA_20170220_063000.wav,none,3.0800000000000005,1.63,"6, 400",0,0
PUMA_20170220_064500.wav,none,3.12,1.97,"6, 400",0,1
PUMA_20170220_070000.wav,none,1.766,2.035,"6, 400",0,0
PUMA_20170220_071500.wav,none,1.775,2.05,"6, 400",0,0
PUMA_20170220_073000.wav,none,0.979,2.085,"6, 400",0,0
PUMA_20170220_074500.wav,none,3.4919999999999995,2.6500000000000004,"6, 400",0,1
PUMA_20170220_080000.wav,none,1.044,3.085,"6, 400",0,0
PUMA_20170224_054500.wav,none,1.374,2.26,"6, 800",0,0
PUMA_20170224_060000.wav,none,3.790999999999999,4.405,"6, 800",0,0
PUMA_20170224_061500.wav,none,0.6279999999999999,5.109999999999999,"6, 800",0,0
PUMA_20170224_063000.wav,none,0.4479999999999999,2.855,"6, 800",0,0
PUMA_20170224_064500.wav,none,0.387,1.83,"6, 800",0,0
PUMA_20170224_070000.wav,none,0.274,2.075,"6, 800",0,0
PUMA_20170224_071500.wav,none,3.342,3.37,"6, 800",0,1
PUMA_20170224_073000.wav,none,0.492,5.29,"6, 800",0,0
PUMA_20170224_074500.wav,none,0.4699999999999999,2.05,"6, 800",0,0
PUMA_20170224_080000.wav,none,0.484,3.5199999999999996,"6, 800",0,0
PUMA_20170225_054500.wav,none,0.8969999999999999,0.04499999999999998,"6, 800",0,0
PUMA_20170225_060000.wav,none,0.875,0.255,"6, 800",0,0
PUMA_20170225_061500.wav,none,0.8290000000000001,0.375,"6, 800",0,0
PUMA_20170225_063000.wav,none,2.252,1.87,"6, 800",0,0
PUMA_20170225_064500.wav,none,0.7409999999999999,1.115,"6, 800",0,0
PUMA_20170225_070000.wav,none,1.8039999999999996,1.62,"6, 800",0,0
PUMA_20170225_071500.wav,none,0.842,1.855,"6, 800",0,0
PUMA_20170225_073000.wav,none,1.5100000000000002,1.635,"6, 800",0,0
PUMA_20170225_074500.wav,none,0.961,2.4299999999999997,"6, 800",0,0
PUMA_20170225_080000.wav,none,2.6199999999999997,2.085,"6, 800",0,0
PUMA_20170226_054500.wav,none,0.783,0.85,"6, 800",0,0
PUMA_20170226_060000.wav,none,1.04,0.575,"6, 800",0,0
PUMA_20170226_061500.wav,none,1.064,1.025,"6, 800",0,0
PUMA_20170226_063000.wav,none,1.027,-0.305,"6, 800",0,0
PUMA_20170226_064500.wav,none,1.004,-0.31,"6, 800",0,0
PUMA_20170226_070000.wav,none,0.918,-0.185,"6, 800",0,0
PUMA_20170226_071500.wav,none,0.8949999999999999,-0.135,"6, 800",0,0
PUMA_20170226_073000.wav,none,0.8949999999999999,-0.07000000000000003,"6, 800",0,0
PUMA_20170226_074500.wav,none,0.957,0.005,"6, 800",0,0
PUMA_20170226_080000.wav,none,0.947,0.05499999999999999,"6, 800",0,0
